Mã bản ghi,Ngày sản xuất,Thiết bị,Cấp điện áp,Dây chuyền,SL kế hoạch,SL thực tế,SP lỗi,SP đạt,Giờ vận hành,Giờ dừng máy,Điện năng,Giờ công,Hoàn thành KH,Tỷ lệ lỗi,Năng suất,Trạng thái,Ghi chú
SX-20260101-DC-MBA-01,2026-01-01,Máy biến áp lực,220,DC-MBA-01,6,6,0,6,7.9,1.5,1513.0,34.8,1.0,0.0,0.7595,Đạt,
SX-20260101-DC-MC-01,2026-01-01,Máy cắt cao áp,500,DC-MC-01,12,12,0,12,8.9,1.1,682.0,30.4,1.0,0.0,1.3483,Đạt,
SX-20260101-DC-DCL-01,2026-01-01,Dao cách ly,110,DC-DCL-01,26,25,0,25,10.2,1.3,912.0,44.9,0.9615,0.0,2.451,Đạt,
SX-20260101-DC-CSV-01,2026-01-01,Chống sét van,220,DC-CSV-01,44,45,2,43,7.7,1.4,670.0,38.4,1.0227,0.0444,5.5844,Cần kiểm tra,
SX-20260101-DC-BI-01,2026-01-01,Biến dòng điện,500,DC-BI-01,24,22,1,21,8.2,0.8,513.0,22.7,0.9167,0.0455,2.561,Cần kiểm tra,
SX-20260101-DC-BU-01,2026-01-01,Biến điện áp,110,DC-BU-01,37,41,1,40,7.8,1.4,1273.0,54.5,1.1081,0.0244,5.1282,Đạt,
SX-20260102-DC-MBA-01,2026-01-02,Máy biến áp lực,500,DC-MBA-01,4,4,0,4,9.4,0.3,947.0,25.0,1.0,0.0,0.4255,Đạt,
SX-20260102-DC-MC-01,2026-01-02,Máy cắt cao áp,110,DC-MC-01,21,20,0,20,8.6,0.2,1255.0,46.4,0.9524,0.0,2.3256,Đạt,
SX-20260102-DC-DCL-01,2026-01-02,Dao cách ly,220,DC-DCL-01,22,22,1,21,8.6,0.6,814.0,40.1,1.0,0.0455,2.4419,Cần kiểm tra,
SX-20260102-DC-CSV-01,2026-01-02,Chống sét van,500,DC-CSV-01,32,33,0,33,10.2,1.0,517.0,26.8,1.0312,0.0,3.2353,Đạt,
SX-20260102-DC-BI-01,2026-01-02,Biến dòng điện,110,DC-BI-01,43,42,0,42,9.3,0.7,915.0,48.6,0.9767,0.0,4.5161,Đạt,
SX-20260102-DC-BU-01,2026-01-02,Biến điện áp,220,DC-BU-01,32,29,0,29,8.7,0.7,872.0,39.3,0.9062,0.0,3.3333,Đạt,
SX-20260103-DC-MBA-01,2026-01-03,Máy biến áp lực,110,DC-MBA-01,4,4,0,4,5.2,1.1,897.0,22.4,1.0,0.0,0.7692,Đạt,
SX-20260103-DC-MC-01,2026-01-03,Máy cắt cao áp,220,DC-MC-01,11,11,0,11,6.0,0.7,681.0,26.2,1.0,0.0,1.8333,Đạt,
SX-20260103-DC-DCL-01,2026-01-03,Dao cách ly,500,DC-DCL-01,9,9,0,9,5.0,1.6,287.0,16.3,1.0,0.0,1.8,Đạt,
SX-20260103-DC-CSV-01,2026-01-03,Chống sét van,110,DC-CSV-01,37,39,0,39,5.7,1.7,634.0,31.4,1.0541,0.0,6.8421,Đạt,
SX-20260103-DC-BI-01,2026-01-03,Biến dòng điện,220,DC-BI-01,22,22,1,21,6.2,0.2,538.0,25.8,1.0,0.0455,3.3871,Cần kiểm tra,
SX-20260103-DC-BU-01,2026-01-03,Biến điện áp,500,DC-BU-01,13,11,1,10,5.5,1.9,326.0,14.9,0.8462,0.0909,1.8182,Cần kiểm tra,
SX-20260104-DC-MBA-01,2026-01-04,Máy biến áp lực,220,DC-MBA-01,2,2,0,2,3.1,0.8,518.0,11.4,1.0,0.0,0.6452,Đạt,
SX-20260104-DC-MC-01,2026-01-04,Máy cắt cao áp,500,DC-MC-01,5,4,0,4,3.7,1.6,225.0,9.4,0.8,0.0,1.0811,Dưới kế hoạch,
SX-20260104-DC-DCL-01,2026-01-04,Dao cách ly,110,DC-DCL-01,11,10,0,10,3.0,0.5,342.0,17.0,0.9091,0.0,3.3333,Đạt,
SX-20260104-DC-CSV-01,2026-01-04,Chống sét van,220,DC-CSV-01,19,16,0,16,4.2,1.5,242.0,12.1,0.8421,0.0,3.8095,Dưới kế hoạch,
SX-20260104-DC-BI-01,2026-01-04,Biến dòng điện,500,DC-BI-01,11,10,0,10,3.6,0.2,231.0,10.8,0.9091,0.0,2.7778,Đạt,
SX-20260104-DC-BU-01,2026-01-04,Biến điện áp,110,DC-BU-01,14,15,0,15,3.7,1.6,472.0,18.4,1.0714,0.0,4.0541,Đạt,
SX-20260105-DC-MBA-01,2026-01-05,Máy biến áp lực,500,DC-MBA-01,4,4,0,4,7.6,0.8,1019.0,21.7,1.0,0.0,0.5263,Đạt,
SX-20260105-DC-MC-01,2026-01-05,Máy cắt cao áp,110,DC-MC-01,21,23,0,23,8.5,0.5,1277.0,53.0,1.0952,0.0,2.7059,Đạt,
SX-20260105-DC-DCL-01,2026-01-05,Dao cách ly,220,DC-DCL-01,23,24,0,24,9.5,1.0,836.0,42.3,1.0435,0.0,2.5263,Đạt,
SX-20260105-DC-CSV-01,2026-01-05,Chống sét van,500,DC-CSV-01,31,33,1,32,10.0,1.5,559.0,27.3,1.0645,0.0303,3.2,Cần kiểm tra,
SX-20260105-DC-BI-01,2026-01-05,Biến dòng điện,110,DC-BI-01,45,45,1,44,9.0,1.0,1120.0,51.2,1.0,0.0222,4.8889,Đạt,
SX-20260105-DC-BU-01,2026-01-05,Biến điện áp,220,DC-BU-01,28,26,1,25,9.0,1.7,690.0,31.8,0.9286,0.0385,2.7778,Cần kiểm tra,
SX-20260106-DC-MBA-01,2026-01-06,Máy biến áp lực,110,DC-MBA-01,7,6,0,6,8.7,1.6,1415.0,34.3,0.8571,0.0,0.6897,Dưới kế hoạch,
SX-20260106-DC-MC-01,2026-01-06,Máy cắt cao áp,220,DC-MC-01,18,16,1,15,9.4,2.4,981.0,40.5,0.8889,0.0625,1.5957,Cần kiểm tra,
SX-20260106-DC-DCL-01,2026-01-06,Dao cách ly,500,DC-DCL-01,16,15,0,15,8.6,1.4,482.0,25.9,0.9375,0.0,1.7442,Đạt,
SX-20260106-DC-CSV-01,2026-01-06,Chống sét van,110,DC-CSV-01,57,51,2,49,8.7,2.0,776.0,39.3,0.8947,0.0392,5.6322,Cần kiểm tra,
SX-20260106-DC-BI-01,2026-01-06,Biến dòng điện,220,DC-BI-01,36,40,2,38,9.4,0.2,1008.0,44.5,1.1111,0.05,4.0426,Cần kiểm tra,
SX-20260106-DC-BU-01,2026-01-06,Biến điện áp,500,DC-BU-01,20,21,0,21,7.6,0.5,557.0,27.3,1.05,0.0,2.7632,Đạt,
SX-20260107-DC-MBA-01,2026-01-07,Máy biến áp lực,220,DC-MBA-01,5,5,0,5,7.0,0.7,1315.0,29.3,1.0,0.0,0.7143,Đạt,
SX-20260107-DC-MC-01,2026-01-07,Máy cắt cao áp,500,DC-MC-01,11,11,0,11,8.3,0.4,668.0,26.8,1.0,0.0,1.3253,Đạt,
SX-20260107-DC-DCL-01,2026-01-07,Dao cách ly,110,DC-DCL-01,26,26,1,25,8.4,0.3,809.0,42.7,1.0,0.0385,2.9762,Cần kiểm tra,
SX-20260107-DC-CSV-01,2026-01-07,Chống sét van,220,DC-CSV-01,46,45,2,43,7.5,0.2,730.0,36.7,0.9783,0.0444,5.7333,Cần kiểm tra,
SX-20260107-DC-BI-01,2026-01-07,Biến dòng điện,500,DC-BI-01,27,26,0,26,8.8,1.5,646.0,29.0,0.963,0.0,2.9545,Đạt,
SX-20260107-DC-BU-01,2026-01-07,Biến điện áp,110,DC-BU-01,35,33,1,32,9.8,1.1,905.0,41.1,0.9429,0.0303,3.2653,Cần kiểm tra,
SX-20260108-DC-MBA-01,2026-01-08,Máy biến áp lực,500,DC-MBA-01,4,4,0,4,9.3,0.5,972.0,24.8,1.0,0.0,0.4301,Đạt,
SX-20260108-DC-MC-01,2026-01-08,Máy cắt cao áp,110,DC-MC-01,21,21,1,20,9.7,1.3,1119.0,54.1,1.0,0.0476,2.0619,Cần kiểm tra,
SX-20260108-DC-DCL-01,2026-01-08,Dao cách ly,220,DC-DCL-01,24,24,0,24,7.6,0.3,850.0,43.5,1.0,0.0,3.1579,Đạt,
SX-20260108-DC-CSV-01,2026-01-08,Chống sét van,500,DC-CSV-01,36,34,1,33,10.0,0.3,545.0,26.9,0.9444,0.0294,3.3,Đạt,
SX-20260108-DC-BI-01,2026-01-08,Biến dòng điện,110,DC-BI-01,40,37,1,36,7.7,1.7,898.0,43.8,0.925,0.027,4.6753,Đạt,
SX-20260108-DC-BU-01,2026-01-08,Biến điện áp,220,DC-BU-01,28,29,1,28,7.6,1.5,863.0,35.3,1.0357,0.0345,3.6842,Cần kiểm tra,
SX-20260109-DC-MBA-01,2026-01-09,Máy biến áp lực,110,DC-MBA-01,7,7,0,7,9.3,1.5,1615.0,43.3,1.0,0.0,0.7527,Đạt,
SX-20260109-DC-MC-01,2026-01-09,Máy cắt cao áp,220,DC-MC-01,16,14,1,13,7.6,0.9,845.0,34.1,0.875,0.0714,1.7105,Cần kiểm tra,
SX-20260109-DC-DCL-01,2026-01-09,Dao cách ly,500,DC-DCL-01,16,16,1,15,9.5,0.7,528.0,25.9,1.0,0.0625,1.5789,Cần kiểm tra,
SX-20260109-DC-CSV-01,2026-01-09,Chống sét van,110,DC-CSV-01,58,54,1,53,9.2,1.4,874.0,40.1,0.931,0.0185,5.7609,Đạt,
SX-20260109-DC-BI-01,2026-01-09,Biến dòng điện,220,DC-BI-01,35,39,1,38,9.1,1.5,968.0,43.8,1.1143,0.0256,4.1758,Đạt,
SX-20260109-DC-BU-01,2026-01-09,Biến điện áp,500,DC-BU-01,21,23,1,22,8.1,1.4,696.0,31.0,1.0952,0.0435,2.716,Cần kiểm tra,
SX-20260110-DC-MBA-01,2026-01-10,Máy biến áp lực,220,DC-MBA-01,3,3,0,3,5.1,1.4,742.0,17.2,1.0,0.0,0.5882,Đạt,
SX-20260110-DC-MC-01,2026-01-10,Máy cắt cao áp,500,DC-MC-01,8,7,0,7,5.2,1.1,379.0,17.3,0.875,0.0,1.3462,Dưới kế hoạch,
SX-20260110-DC-DCL-01,2026-01-10,Dao cách ly,110,DC-DCL-01,17,19,0,19,5.8,1.2,671.0,32.0,1.1176,0.0,3.2759,Đạt,
SX-20260110-DC-CSV-01,2026-01-10,Chống sét van,220,DC-CSV-01,30,28,1,27,4.9,0.2,477.0,24.1,0.9333,0.0357,5.5102,Cần kiểm tra,
SX-20260110-DC-BI-01,2026-01-10,Biến dòng điện,500,DC-BI-01,16,15,1,14,5.1,1.4,317.0,17.5,0.9375,0.0667,2.7451,Cần kiểm tra,
SX-20260110-DC-BU-01,2026-01-10,Biến điện áp,110,DC-BU-01,21,19,1,18,6.0,1.6,548.0,23.0,0.9048,0.0526,3.0,Cần kiểm tra,
SX-20260111-DC-MBA-01,2026-01-11,Máy biến áp lực,500,DC-MBA-01,2,2,0,2,3.8,1.4,514.0,11.3,1.0,0.0,0.5263,Đạt,
SX-20260111-DC-MC-01,2026-01-11,Máy cắt cao áp,110,DC-MC-01,9,10,0,10,3.4,1.4,578.0,23.5,1.1111,0.0,2.9412,Đạt,
SX-20260111-DC-DCL-01,2026-01-11,Dao cách ly,220,DC-DCL-01,10,10,0,10,4.0,1.4,338.0,15.9,1.0,0.0,2.5,Đạt,
SX-20260111-DC-CSV-01,2026-01-11,Chống sét van,500,DC-CSV-01,15,16,0,16,3.5,0.8,257.0,13.6,1.0667,0.0,4.5714,Đạt,
SX-20260111-DC-BI-01,2026-01-11,Biến dòng điện,110,DC-BI-01,18,18,0,18,3.2,1.1,410.0,18.8,1.0,0.0,5.625,Đạt,
SX-20260111-DC-BU-01,2026-01-11,Biến điện áp,220,DC-BU-01,12,11,0,11,3.3,0.7,292.0,14.6,0.9167,0.0,3.3333,Đạt,
SX-20260112-DC-MBA-01,2026-01-12,Máy biến áp lực,110,DC-MBA-01,7,6,0,6,9.3,2.4,1563.0,33.7,0.8571,0.0,0.6452,Dưới kế hoạch,
SX-20260112-DC-MC-01,2026-01-12,Máy cắt cao áp,220,DC-MC-01,15,15,1,14,8.4,0.4,872.0,34.3,1.0,0.0667,1.6667,Cần kiểm tra,
SX-20260112-DC-DCL-01,2026-01-12,Dao cách ly,500,DC-DCL-01,15,15,1,14,9.0,0.1,555.0,27.3,1.0,0.0667,1.5556,Cần kiểm tra,
SX-20260112-DC-CSV-01,2026-01-12,Chống sét van,110,DC-CSV-01,55,61,1,60,7.3,0.3,1009.0,46.9,1.1091,0.0164,8.2192,Đạt,
SX-20260112-DC-BI-01,2026-01-12,Biến dòng điện,220,DC-BI-01,36,33,1,32,7.5,0.8,708.0,36.3,0.9167,0.0303,4.2667,Cần kiểm tra,
SX-20260112-DC-BU-01,2026-01-12,Biến điện áp,500,DC-BU-01,22,19,0,19,9.7,1.0,533.0,26.4,0.8636,0.0,1.9588,Dưới kế hoạch,
SX-20260113-DC-MBA-01,2026-01-13,Máy biến áp lực,220,DC-MBA-01,5,5,0,5,8.6,1.6,1286.0,29.2,1.0,0.0,0.5814,Đạt,
SX-20260113-DC-MC-01,2026-01-13,Máy cắt cao áp,500,DC-MC-01,12,11,0,11,8.4,1.6,633.0,27.6,0.9167,0.0,1.3095,Đạt,
SX-20260113-DC-DCL-01,2026-01-13,Dao cách ly,110,DC-DCL-01,28,25,1,24,9.8,1.7,832.0,41.8,0.8929,0.04,2.449,Cần kiểm tra,
SX-20260113-DC-CSV-01,2026-01-13,Chống sét van,220,DC-CSV-01,50,49,0,49,7.5,0.6,811.0,36.6,0.98,0.0,6.5333,Đạt,
SX-20260113-DC-BI-01,2026-01-13,Biến dòng điện,500,DC-BI-01,27,26,1,25,8.3,0.1,554.0,30.4,0.963,0.0385,3.012,Cần kiểm tra,
SX-20260113-DC-BU-01,2026-01-13,Biến điện áp,110,DC-BU-01,37,34,1,33,7.2,1.5,995.0,44.2,0.9189,0.0294,4.5833,Đạt,
SX-20260114-DC-MBA-01,2026-01-14,Máy biến áp lực,500,DC-MBA-01,4,4,0,4,8.9,1.3,905.0,22.1,1.0,0.0,0.4494,Đạt,
SX-20260114-DC-MC-01,2026-01-14,Máy cắt cao áp,110,DC-MC-01,21,20,0,20,7.9,1.8,1223.0,50.9,0.9524,0.0,2.5316,Đạt,
SX-20260114-DC-DCL-01,2026-01-14,Dao cách ly,220,DC-DCL-01,22,23,1,22,7.6,1.5,728.0,42.2,1.0455,0.0435,2.8947,Cần kiểm tra,
SX-20260114-DC-CSV-01,2026-01-14,Chống sét van,500,DC-CSV-01,31,27,1,26,9.5,2.1,434.0,22.5,0.871,0.037,2.7368,Cần kiểm tra,
SX-20260114-DC-BI-01,2026-01-14,Biến dòng điện,110,DC-BI-01,44,38,1,37,9.8,1.9,873.0,41.8,0.8636,0.0263,3.7755,Dưới kế hoạch,
SX-20260114-DC-BU-01,2026-01-14,Biến điện áp,220,DC-BU-01,27,30,1,29,9.1,1.0,956.0,40.8,1.1111,0.0333,3.1868,Cần kiểm tra,
SX-20260115-DC-MBA-01,2026-01-15,Máy biến áp lực,110,DC-MBA-01,7,7,0,7,8.7,0.9,1720.0,38.7,1.0,0.0,0.8046,Đạt,
SX-20260115-DC-MC-01,2026-01-15,Máy cắt cao áp,220,DC-MC-01,15,14,0,14,10.1,1.6,840.0,35.4,0.9333,0.0,1.3861,Đạt,
SX-20260115-DC-DCL-01,2026-01-15,Dao cách ly,500,DC-DCL-01,15,17,0,17,10.0,0.2,540.0,30.0,1.1333,0.0,1.7,Đạt,
SX-20260115-DC-CSV-01,2026-01-15,Chống sét van,110,DC-CSV-01,57,54,2,52,7.7,1.0,814.0,39.8,0.9474,0.037,6.7532,Cần kiểm tra,
SX-20260115-DC-BI-01,2026-01-15,Biến dòng điện,220,DC-BI-01,35,38,0,38,10.2,0.6,875.0,39.5,1.0857,0.0,3.7255,Đạt,
SX-20260115-DC-BU-01,2026-01-15,Biến điện áp,500,DC-BU-01,22,19,1,18,9.6,1.5,513.0,26.1,0.8636,0.0526,1.875,Cần kiểm tra,
SX-20260116-DC-MBA-01,2026-01-16,Máy biến áp lực,220,DC-MBA-01,5,5,0,5,7.2,0.5,1127.0,30.9,1.0,0.0,0.6944,Đạt,
SX-20260116-DC-MC-01,2026-01-16,Máy cắt cao áp,500,DC-MC-01,11,12,0,12,7.5,1.1,694.0,30.3,1.0909,0.0,1.6,Đạt,
SX-20260116-DC-DCL-01,2026-01-16,Dao cách ly,110,DC-DCL-01,27,25,1,24,8.9,0.6,905.0,42.3,0.9259,0.04,2.6966,Cần kiểm tra,
SX-20260116-DC-CSV-01,2026-01-16,Chống sét van,220,DC-CSV-01,44,46,2,44,9.3,1.1,738.0,38.4,1.0455,0.0435,4.7312,Cần kiểm tra,
SX-20260116-DC-BI-01,2026-01-16,Biến dòng điện,500,DC-BI-01,26,23,1,22,8.6,1.2,490.0,26.3,0.8846,0.0435,2.5581,Cần kiểm tra,
SX-20260116-DC-BU-01,2026-01-16,Biến điện áp,110,DC-BU-01,38,35,1,34,8.3,1.7,1071.0,42.7,0.9211,0.0286,4.0964,Đạt,
SX-20260117-DC-MBA-01,2026-01-17,Máy biến áp lực,500,DC-MBA-01,3,3,0,3,5.9,1.0,692.0,17.8,1.0,0.0,0.5085,Đạt,
SX-20260117-DC-MC-01,2026-01-17,Máy cắt cao áp,110,DC-MC-01,13,14,0,14,4.4,0.5,745.0,35.3,1.0769,0.0,3.1818,Đạt,
SX-20260117-DC-DCL-01,2026-01-17,Dao cách ly,220,DC-DCL-01,15,16,1,15,4.4,0.5,524.0,27.3,1.0667,0.0625,3.4091,Cần kiểm tra,
SX-20260117-DC-CSV-01,2026-01-17,Chống sét van,500,DC-CSV-01,22,20,1,19,5.8,1.6,340.0,17.2,0.9091,0.05,3.2759,Cần kiểm tra,
SX-20260117-DC-BI-01,2026-01-17,Biến dòng điện,110,DC-BI-01,29,28,0,28,5.7,0.8,630.0,31.4,0.9655,0.0,4.9123,Đạt,
SX-20260117-DC-BU-01,2026-01-17,Biến điện áp,220,DC-BU-01,19,21,1,20,6.1,1.1,660.0,26.4,1.1053,0.0476,3.2787,Cần kiểm tra,
SX-20260118-DC-MBA-01,2026-01-18,Máy biến áp lực,110,DC-MBA-01,3,3,0,3,4.0,0.3,689.0,17.2,1.0,0.0,0.75,Đạt,
SX-20260118-DC-MC-01,2026-01-18,Máy cắt cao áp,220,DC-MC-01,7,8,0,8,3.5,0.2,486.0,17.9,1.1429,0.0,2.2857,Đạt,
SX-20260118-DC-DCL-01,2026-01-18,Dao cách ly,500,DC-DCL-01,7,8,0,8,3.7,0.2,292.0,12.7,1.1429,0.0,2.1622,Đạt,
SX-20260118-DC-CSV-01,2026-01-18,Chống sét van,110,DC-CSV-01,26,27,1,26,3.8,1.2,468.0,20.0,1.0385,0.037,6.8421,Cần kiểm tra,
SX-20260118-DC-BI-01,2026-01-18,Biến dòng điện,220,DC-BI-01,14,15,0,15,3.4,1.0,322.0,15.6,1.0714,0.0,4.4118,Đạt,
SX-20260118-DC-BU-01,2026-01-18,Biến điện áp,500,DC-BU-01,9,8,0,8,3.7,2.3,243.0,10.8,0.8889,0.0,2.1622,Dưới kế hoạch,
SX-20260119-DC-MBA-01,2026-01-19,Máy biến áp lực,220,DC-MBA-01,6,5,0,5,9.9,2.0,1111.0,29.7,0.8333,0.0,0.5051,Dưới kế hoạch,
SX-20260119-DC-MC-01,2026-01-19,Máy cắt cao áp,500,DC-MC-01,12,11,0,11,9.8,1.4,610.0,24.5,0.9167,0.0,1.1224,Đạt,
SX-20260119-DC-DCL-01,2026-01-19,Dao cách ly,110,DC-DCL-01,27,25,1,24,9.2,0.1,780.0,41.4,0.9259,0.04,2.6087,Cần kiểm tra,
SX-20260119-DC-CSV-01,2026-01-19,Chống sét van,220,DC-CSV-01,46,39,1,38,7.1,0.9,622.0,30.1,0.8478,0.0256,5.3521,Dưới kế hoạch,
SX-20260119-DC-BI-01,2026-01-19,Biến dòng điện,500,DC-BI-01,26,24,1,23,7.9,0.9,498.0,25.0,0.9231,0.0417,2.9114,Cần kiểm tra,
SX-20260119-DC-BU-01,2026-01-19,Biến điện áp,110,DC-BU-01,34,32,1,31,9.3,1.1,997.0,41.3,0.9412,0.0312,3.3333,Cần kiểm tra,
SX-20260120-DC-MBA-01,2026-01-20,Máy biến áp lực,500,DC-MBA-01,4,4,0,4,7.0,0.2,899.0,23.0,1.0,0.0,0.5714,Đạt,
SX-20260120-DC-MC-01,2026-01-20,Máy cắt cao áp,110,DC-MC-01,21,21,0,21,10.0,0.8,1171.0,49.6,1.0,0.0,2.1,Đạt,
SX-20260120-DC-DCL-01,2026-01-20,Dao cách ly,220,DC-DCL-01,22,23,0,23,8.8,1.5,858.0,38.5,1.0455,0.0,2.6136,Đạt,
SX-20260120-DC-CSV-01,2026-01-20,Chống sét van,500,DC-CSV-01,31,34,0,34,8.6,1.3,511.0,29.2,1.0968,0.0,3.9535,Đạt,
SX-20260120-DC-BI-01,2026-01-20,Biến dòng điện,110,DC-BI-01,45,50,1,49,8.1,0.1,1216.0,55.9,1.1111,0.02,6.0494,Đạt,
SX-20260120-DC-BU-01,2026-01-20,Biến điện áp,220,DC-BU-01,28,28,1,27,7.5,1.7,804.0,37.3,1.0,0.0357,3.6,Cần kiểm tra,
SX-20260121-DC-MBA-01,2026-01-21,Máy biến áp lực,110,DC-MBA-01,7,8,0,8,7.9,0.4,1789.0,48.6,1.1429,0.0,1.0127,Đạt,
SX-20260121-DC-MC-01,2026-01-21,Máy cắt cao áp,220,DC-MC-01,15,14,1,13,7.9,0.7,756.0,32.4,0.9333,0.0714,1.6456,Cần kiểm tra,
SX-20260121-DC-DCL-01,2026-01-21,Dao cách ly,500,DC-DCL-01,16,18,1,17,8.0,0.5,622.0,30.2,1.125,0.0556,2.125,Cần kiểm tra,
SX-20260121-DC-CSV-01,2026-01-21,Chống sét van,110,DC-CSV-01,58,61,3,58,9.3,1.2,1000.0,49.8,1.0517,0.0492,6.2366,Cần kiểm tra,
SX-20260121-DC-BI-01,2026-01-21,Biến dòng điện,220,DC-BI-01,34,34,2,32,9.4,0.3,714.0,39.9,1.0,0.0588,3.4043,Cần kiểm tra,
SX-20260121-DC-BU-01,2026-01-21,Biến điện áp,500,DC-BU-01,21,21,1,20,9.9,0.6,634.0,26.4,1.0,0.0476,2.0202,Cần kiểm tra,
SX-20260122-DC-MBA-01,2026-01-22,Máy biến áp lực,220,DC-MBA-01,6,6,0,6,10.1,1.1,1473.0,35.6,1.0,0.0,0.5941,Đạt,
SX-20260122-DC-MC-01,2026-01-22,Máy cắt cao áp,500,DC-MC-01,11,9,0,9,9.9,1.3,528.0,22.4,0.8182,0.0,0.9091,Dưới kế hoạch,
SX-20260122-DC-DCL-01,2026-01-22,Dao cách ly,110,DC-DCL-01,29,25,1,24,9.1,1.3,906.0,40.2,0.8621,0.04,2.6374,Cần kiểm tra,
SX-20260122-DC-CSV-01,2026-01-22,Chống sét van,220,DC-CSV-01,48,45,0,45,8.3,1.0,663.0,36.4,0.9375,0.0,5.4217,Đạt,
SX-20260122-DC-BI-01,2026-01-22,Biến dòng điện,500,DC-BI-01,24,24,1,23,7.1,1.2,601.0,27.9,1.0,0.0417,3.2394,Cần kiểm tra,
SX-20260122-DC-BU-01,2026-01-22,Biến điện áp,110,DC-BU-01,33,29,1,28,8.3,2.0,900.0,34.9,0.8788,0.0345,3.3735,Cần kiểm tra,
SX-20260123-DC-MBA-01,2026-01-23,Máy biến áp lực,500,DC-MBA-01,4,4,0,4,8.1,0.2,869.0,23.2,1.0,0.0,0.4938,Đạt,
SX-20260123-DC-MC-01,2026-01-23,Máy cắt cao áp,110,DC-MC-01,19,18,0,18,9.1,0.1,1032.0,41.3,0.9474,0.0,1.978,Đạt,
SX-20260123-DC-DCL-01,2026-01-23,Dao cách ly,220,DC-DCL-01,21,20,0,20,9.8,0.5,652.0,34.5,0.9524,0.0,2.0408,Đạt,
SX-20260123-DC-CSV-01,2026-01-23,Chống sét van,500,DC-CSV-01,34,38,1,37,7.4,0.4,616.0,28.9,1.1176,0.0263,5.0,Đạt,
SX-20260123-DC-BI-01,2026-01-23,Biến dòng điện,110,DC-BI-01,41,43,2,41,9.3,0.2,920.0,50.3,1.0488,0.0465,4.4086,Cần kiểm tra,
SX-20260123-DC-BU-01,2026-01-23,Biến điện áp,220,DC-BU-01,31,33,1,32,8.7,0.7,982.0,44.1,1.0645,0.0303,3.6782,Cần kiểm tra,
SX-20260124-DC-MBA-01,2026-01-24,Máy biến áp lực,110,DC-MBA-01,4,4,0,4,6.1,1.2,896.0,22.0,1.0,0.0,0.6557,Đạt,
SX-20260124-DC-MC-01,2026-01-24,Máy cắt cao áp,220,DC-MC-01,10,11,0,11,5.4,1.6,689.0,27.8,1.1,0.0,2.037,Đạt,
SX-20260124-DC-DCL-01,2026-01-24,Dao cách ly,500,DC-DCL-01,10,11,0,11,5.8,0.4,388.0,17.2,1.1,0.0,1.8966,Đạt,
SX-20260124-DC-CSV-01,2026-01-24,Chống sét van,110,DC-CSV-01,36,39,2,37,6.0,1.2,658.0,29.0,1.0833,0.0513,6.1667,Cần kiểm tra,
SX-20260124-DC-BI-01,2026-01-24,Biến dòng điện,220,DC-BI-01,22,22,0,22,5.0,1.1,483.0,26.1,1.0,0.0,4.4,Đạt,
SX-20260124-DC-BU-01,2026-01-24,Biến điện áp,500,DC-BU-01,12,12,1,11,5.1,0.6,324.0,15.3,1.0,0.0833,2.1569,Cần kiểm tra,
SX-20260125-DC-MBA-01,2026-01-25,Máy biến áp lực,220,DC-MBA-01,2,2,0,2,3.7,1.5,505.0,10.7,1.0,0.0,0.5405,Đạt,
SX-20260125-DC-MC-01,2026-01-25,Máy cắt cao áp,500,DC-MC-01,5,5,0,5,3.2,0.3,265.0,11.1,1.0,0.0,1.5625,Đạt,
SX-20260125-DC-DCL-01,2026-01-25,Dao cách ly,110,DC-DCL-01,11,10,0,10,3.9,0.6,311.0,17.5,0.9091,0.0,2.5641,Đạt,
SX-20260125-DC-CSV-01,2026-01-25,Chống sét van,220,DC-CSV-01,20,17,0,17,3.5,2.2,265.0,13.0,0.85,0.0,4.8571,Dưới kế hoạch,
SX-20260125-DC-BI-01,2026-01-25,Biến dòng điện,500,DC-BI-01,10,11,0,11,3.9,1.6,236.0,11.7,1.1,0.0,2.8205,Đạt,
SX-20260125-DC-BU-01,2026-01-25,Biến điện áp,110,DC-BU-01,16,17,0,17,3.5,0.5,448.0,22.3,1.0625,0.0,4.8571,Đạt,
SX-20260126-DC-MBA-01,2026-01-26,Máy biến áp lực,500,DC-MBA-01,4,4,0,4,10.0,0.8,877.0,21.8,1.0,0.0,0.4,Đạt,
SX-20260126-DC-MC-01,2026-01-26,Máy cắt cao áp,110,DC-MC-01,21,22,1,21,8.0,1.1,1282.0,55.7,1.0476,0.0455,2.625,Cần kiểm tra,
SX-20260126-DC-DCL-01,2026-01-26,Dao cách ly,220,DC-DCL-01,23,21,1,20,10.1,0.7,690.0,38.0,0.913,0.0476,1.9802,Cần kiểm tra,
SX-20260126-DC-CSV-01,2026-01-26,Chống sét van,500,DC-CSV-01,32,29,1,28,8.5,1.3,498.0,21.9,0.9062,0.0345,3.2941,Cần kiểm tra,
SX-20260126-DC-BI-01,2026-01-26,Biến dòng điện,110,DC-BI-01,40,38,0,38,9.6,1.0,885.0,42.3,0.95,0.0,3.9583,Đạt,
SX-20260126-DC-BU-01,2026-01-26,Biến điện áp,220,DC-BU-01,29,30,1,29,8.3,0.1,796.0,39.2,1.0345,0.0333,3.494,Cần kiểm tra,
SX-20260127-DC-MBA-01,2026-01-27,Máy biến áp lực,110,DC-MBA-01,7,6,0,6,8.5,2.1,1501.0,34.6,0.8571,0.0,0.7059,Dưới kế hoạch,
SX-20260127-DC-MC-01,2026-01-27,Máy cắt cao áp,220,DC-MC-01,17,15,1,14,7.9,0.8,905.0,37.9,0.8824,0.0667,1.7722,Cần kiểm tra,
SX-20260127-DC-DCL-01,2026-01-27,Dao cách ly,500,DC-DCL-01,14,14,1,13,8.8,0.3,465.0,23.8,1.0,0.0714,1.4773,Cần kiểm tra,
SX-20260127-DC-CSV-01,2026-01-27,Chống sét van,110,DC-CSV-01,62,64,2,62,7.9,0.1,928.0,52.9,1.0323,0.0312,7.8481,Cần kiểm tra,
SX-20260127-DC-BI-01,2026-01-27,Biến dòng điện,220,DC-BI-01,33,28,1,27,7.3,0.9,669.0,32.6,0.8485,0.0357,3.6986,Cần kiểm tra,
SX-20260127-DC-BU-01,2026-01-27,Biến điện áp,500,DC-BU-01,20,21,1,20,8.7,0.5,637.0,28.4,1.05,0.0476,2.2989,Cần kiểm tra,
SX-20260128-DC-MBA-01,2026-01-28,Máy biến áp lực,220,DC-MBA-01,6,5,0,5,9.0,0.9,1303.0,30.3,0.8333,0.0,0.5556,Dưới kế hoạch,
SX-20260128-DC-MC-01,2026-01-28,Máy cắt cao áp,500,DC-MC-01,11,10,0,10,9.0,0.6,566.0,22.7,0.9091,0.0,1.1111,Đạt,
SX-20260128-DC-DCL-01,2026-01-28,Dao cách ly,110,DC-DCL-01,29,32,1,31,7.6,1.4,1192.0,57.2,1.1034,0.0312,4.0789,Cần kiểm tra,
SX-20260128-DC-CSV-01,2026-01-28,Chống sét van,220,DC-CSV-01,49,44,1,43,7.2,0.7,644.0,34.0,0.898,0.0227,5.9722,Dưới kế hoạch,
SX-20260128-DC-BI-01,2026-01-28,Biến dòng điện,500,DC-BI-01,24,23,0,23,8.9,0.9,574.0,25.7,0.9583,0.0,2.5843,Đạt,
SX-20260128-DC-BU-01,2026-01-28,Biến điện áp,110,DC-BU-01,37,38,1,37,9.0,0.3,1015.0,47.3,1.027,0.0263,4.1111,Đạt,
SX-20260129-DC-MBA-01,2026-01-29,Máy biến áp lực,500,DC-MBA-01,4,4,0,4,8.2,0.8,1023.0,23.3,1.0,0.0,0.4878,Đạt,
SX-20260129-DC-MC-01,2026-01-29,Máy cắt cao áp,110,DC-MC-01,21,23,1,22,7.5,1.2,1391.0,54.8,1.0952,0.0435,2.9333,Cần kiểm tra,
SX-20260129-DC-DCL-01,2026-01-29,Dao cách ly,220,DC-DCL-01,21,18,1,17,8.5,1.8,652.0,28.5,0.8571,0.0556,2.0,Cần kiểm tra,
SX-20260129-DC-CSV-01,2026-01-29,Chống sét van,500,DC-CSV-01,35,35,1,34,9.5,1.2,548.0,26.9,1.0,0.0286,3.5789,Đạt,
SX-20260129-DC-BI-01,2026-01-29,Biến dòng điện,110,DC-BI-01,45,49,1,48,7.2,0.2,1088.0,53.5,1.0889,0.0204,6.6667,Đạt,
SX-20260129-DC-BU-01,2026-01-29,Biến điện áp,220,DC-BU-01,30,32,1,31,10.1,1.6,877.0,43.3,1.0667,0.0312,3.0693,Cần kiểm tra,
SX-20260130-DC-MBA-01,2026-01-30,Máy biến áp lực,110,DC-MBA-01,7,7,0,7,8.9,1.5,1557.0,40.6,1.0,0.0,0.7865,Đạt,
SX-20260130-DC-MC-01,2026-01-30,Máy cắt cao áp,220,DC-MC-01,16,16,0,16,8.8,0.8,952.0,38.2,1.0,0.0,1.8182,Đạt,
SX-20260130-DC-DCL-01,2026-01-30,Dao cách ly,500,DC-DCL-01,15,16,0,16,8.0,0.8,590.0,25.4,1.0667,0.0,2.0,Đạt,
SX-20260130-DC-CSV-01,2026-01-30,Chống sét van,110,DC-CSV-01,56,55,2,53,9.6,0.4,816.0,43.7,0.9821,0.0364,5.5208,Cần kiểm tra,
SX-20260130-DC-BI-01,2026-01-30,Biến dòng điện,220,DC-BI-01,33,35,0,35,9.6,1.3,862.0,38.6,1.0606,0.0,3.6458,Đạt,
SX-20260130-DC-BU-01,2026-01-30,Biến điện áp,500,DC-BU-01,22,23,0,23,8.8,0.8,602.0,28.2,1.0455,0.0,2.6136,Đạt,
SX-20260131-DC-MBA-01,2026-01-31,Máy biến áp lực,220,DC-MBA-01,3,3,0,3,4.6,1.5,750.0,16.4,1.0,0.0,0.6522,Đạt,
SX-20260131-DC-MC-01,2026-01-31,Máy cắt cao áp,500,DC-MC-01,7,6,0,6,6.1,1.2,381.0,14.7,0.8571,0.0,0.9836,Dưới kế hoạch,
SX-20260131-DC-DCL-01,2026-01-31,Dao cách ly,110,DC-DCL-01,16,17,0,17,5.4,1.0,621.0,27.4,1.0625,0.0,3.1481,Đạt,
SX-20260131-DC-CSV-01,2026-01-31,Chống sét van,220,DC-CSV-01,30,29,1,28,6.3,1.6,507.0,22.1,0.9667,0.0345,4.4444,Cần kiểm tra,
SX-20260131-DC-BI-01,2026-01-31,Biến dòng điện,500,DC-BI-01,15,16,0,16,4.4,0.7,349.0,18.4,1.0667,0.0,3.6364,Đạt,
SX-20260131-DC-BU-01,2026-01-31,Biến điện áp,110,DC-BU-01,21,21,0,21,6.0,1.2,587.0,27.5,1.0,0.0,3.5,Đạt,
SX-20260201-DC-MBA-01,2026-02-01,Máy biến áp lực,500,DC-MBA-01,1,2,0,2,3.6,0.9,502.0,11.6,2.0,0.0,0.5556,Đạt,
SX-20260201-DC-MC-01,2026-02-01,Máy cắt cao áp,110,DC-MC-01,1,9,0,9,4.0,1.1,485.0,20.3,9.0,0.0,2.25,Đạt,
SX-20260201-DC-DCL-01,2026-02-01,Dao cách ly,220,DC-DCL-01,1,11,1,10,3.5,0.8,366.0,18.0,11.0,0.0909,2.8571,Cần kiểm tra,
SX-20260201-DC-CSV-01,2026-02-01,Chống sét van,500,DC-CSV-01,1,15,0,15,3.9,1.7,254.0,12.3,15.0,0.0,3.8462,Đạt,
SX-20260201-DC-BI-01,2026-02-01,Biến dòng điện,110,DC-BI-01,1,19,0,19,4.0,1.2,473.0,20.4,19.0,0.0,4.75,Đạt,
SX-20260201-DC-BU-01,2026-02-01,Biến điện áp,220,DC-BU-01,1,13,0,13,3.1,1.7,385.0,17.0,13.0,0.0,4.1935,Đạt,
SX-20260202-DC-MBA-01,2026-02-02,Máy biến áp lực,110,DC-MBA-01,1,7,0,7,8.1,1.2,1683.0,41.9,7.0,0.0,0.8642,Đạt,
SX-20260202-DC-MC-01,2026-02-02,Máy cắt cao áp,220,DC-MC-01,1,16,0,16,7.6,1.6,899.0,38.5,16.0,0.0,2.1053,Đạt,
SX-20260202-DC-DCL-01,2026-02-02,Dao cách ly,500,DC-DCL-01,4,16,0,16,9.1,0.7,590.0,26.2,4.0,0.0,1.7582,Đạt,
SX-20260202-DC-CSV-01,2026-02-02,Chống sét van,110,DC-CSV-01,62,57,1,56,9.1,1.1,868.0,48.6,0.9194,0.0175,6.1538,Đạt,
SX-20260202-DC-BI-01,2026-02-02,Biến dòng điện,220,DC-BI-01,34,34,0,34,8.3,0.7,803.0,34.9,1.0,0.0,4.0964,Đạt,
SX-20260202-DC-BU-01,2026-02-02,Biến điện áp,500,DC-BU-01,22,23,1,22,9.0,0.1,719.0,31.5,1.0455,0.0435,2.4444,Cần kiểm tra,
SX-20260203-DC-MBA-01,2026-02-03,Máy biến áp lực,220,DC-MBA-01,6,6,0,6,10.1,0.7,1379.0,33.7,1.0,0.0,0.5941,Đạt,
SX-20260203-DC-MC-01,2026-02-03,Máy cắt cao áp,500,DC-MC-01,12,13,1,12,8.9,1.7,768.0,30.4,1.0833,0.0769,1.3483,Cần kiểm tra,
SX-20260203-DC-DCL-01,2026-02-03,Dao cách ly,110,DC-DCL-01,28,30,1,29,8.4,0.4,1106.0,53.3,1.0714,0.0333,3.4524,Cần kiểm tra,
SX-20260203-DC-CSV-01,2026-02-03,Chống sét van,220,DC-CSV-01,48,47,0,47,8.9,0.4,788.0,37.6,0.9792,0.0,5.2809,Đạt,
SX-20260203-DC-BI-01,2026-02-03,Biến dòng điện,500,DC-BI-01,25,23,1,22,8.9,1.2,504.0,25.8,0.92,0.0435,2.4719,Cần kiểm tra,
SX-20260203-DC-BU-01,2026-02-03,Biến điện áp,110,DC-BU-01,35,36,1,35,7.1,1.2,1091.0,49.2,1.0286,0.0278,4.9296,Đạt,
SX-20260204-DC-MBA-01,2026-02-04,Máy biến áp lực,500,DC-MBA-01,4,4,0,4,8.9,0.1,874.0,22.7,1.0,0.0,0.4494,Đạt,
SX-20260204-DC-MC-01,2026-02-04,Máy cắt cao áp,110,DC-MC-01,22,22,1,21,7.0,1.0,1254.0,55.9,1.0,0.0455,3.0,Cần kiểm tra,
SX-20260204-DC-DCL-01,2026-02-04,Dao cách ly,220,DC-DCL-01,21,18,1,17,8.8,1.6,671.0,31.0,0.8571,0.0556,1.9318,Cần kiểm tra,
SX-20260204-DC-CSV-01,2026-02-04,Chống sét van,500,DC-CSV-01,34,37,0,37,8.9,1.2,573.0,31.3,1.0882,0.0,4.1573,Đạt,
SX-20260204-DC-BI-01,2026-02-04,Biến dòng điện,110,DC-BI-01,44,45,1,44,10.0,1.4,1134.0,51.9,1.0227,0.0222,4.4,Đạt,
SX-20260204-DC-BU-01,2026-02-04,Biến điện áp,220,DC-BU-01,32,29,0,29,7.2,1.4,818.0,37.4,0.9062,0.0,4.0278,Đạt,
SX-20260205-DC-MBA-01,2026-02-05,Máy biến áp lực,110,DC-MBA-01,7,8,0,8,9.9,1.3,2110.0,44.3,1.1429,0.0,0.8081,Đạt,
SX-20260205-DC-MC-01,2026-02-05,Máy cắt cao áp,220,DC-MC-01,18,18,0,18,8.5,0.5,1017.0,40.5,1.0,0.0,2.1176,Đạt,
SX-20260205-DC-DCL-01,2026-02-05,Dao cách ly,500,DC-DCL-01,17,16,1,15,7.5,0.6,519.0,26.2,0.9412,0.0625,2.0,Cần kiểm tra,
SX-20260205-DC-CSV-01,2026-02-05,Chống sét van,110,DC-CSV-01,59,53,2,51,10.1,1.2,859.0,45.2,0.8983,0.0377,5.0495,Cần kiểm tra,
SX-20260205-DC-BI-01,2026-02-05,Biến dòng điện,220,DC-BI-01,35,38,1,37,8.0,1.4,951.0,44.4,1.0857,0.0263,4.625,Đạt,
SX-20260205-DC-BU-01,2026-02-05,Biến điện áp,500,DC-BU-01,20,21,1,20,9.9,1.3,628.0,28.0,1.05,0.0476,2.0202,Cần kiểm tra,
SX-20260206-DC-MBA-01,2026-02-06,Máy biến áp lực,220,DC-MBA-01,6,5,0,5,7.5,2.4,1246.0,28.6,0.8333,0.0,0.6667,Dưới kế hoạch,
SX-20260206-DC-MC-01,2026-02-06,Máy cắt cao áp,500,DC-MC-01,11,12,0,12,9.4,1.2,706.0,29.0,1.0909,0.0,1.2766,Đạt,
SX-20260206-DC-DCL-01,2026-02-06,Dao cách ly,110,DC-DCL-01,26,27,1,26,8.1,0.9,956.0,45.3,1.0385,0.037,3.2099,Cần kiểm tra,
SX-20260206-DC-CSV-01,2026-02-06,Chống sét van,220,DC-CSV-01,48,51,1,50,7.6,0.8,891.0,42.5,1.0625,0.0196,6.5789,Đạt,
SX-20260206-DC-BI-01,2026-02-06,Biến dòng điện,500,DC-BI-01,27,23,1,22,7.8,0.9,509.0,26.2,0.8519,0.0435,2.8205,Cần kiểm tra,
SX-20260206-DC-BU-01,2026-02-06,Biến điện áp,110,DC-BU-01,36,37,1,36,7.2,1.3,1174.0,47.2,1.0278,0.027,5.0,Đạt,
SX-20260207-DC-MBA-01,2026-02-07,Máy biến áp lực,500,DC-MBA-01,3,3,0,3,5.1,1.7,761.0,16.3,1.0,0.0,0.5882,Đạt,
SX-20260207-DC-MC-01,2026-02-07,Máy cắt cao áp,110,DC-MC-01,13,12,0,12,6.3,0.7,662.0,28.5,0.9231,0.0,1.9048,Đạt,
SX-20260207-DC-DCL-01,2026-02-07,Dao cách ly,220,DC-DCL-01,14,13,0,13,5.7,0.6,485.0,22.7,0.9286,0.0,2.2807,Đạt,
SX-20260207-DC-CSV-01,2026-02-07,Chống sét van,500,DC-CSV-01,21,18,0,18,5.2,1.2,286.0,14.6,0.8571,0.0,3.4615,Dưới kế hoạch,
SX-20260207-DC-BI-01,2026-02-07,Biến dòng điện,110,DC-BI-01,27,30,1,29,5.3,0.8,731.0,31.2,1.1111,0.0333,5.4717,Cần kiểm tra,
SX-20260207-DC-BU-01,2026-02-07,Biến điện áp,220,DC-BU-01,19,18,0,18,5.4,0.8,553.0,23.4,0.9474,0.0,3.3333,Đạt,
SX-20260208-DC-MBA-01,2026-02-08,Máy biến áp lực,110,DC-MBA-01,3,3,0,3,4.1,1.3,776.0,17.4,1.0,0.0,0.7317,Đạt,
SX-20260208-DC-MC-01,2026-02-08,Máy cắt cao áp,220,DC-MC-01,7,6,0,6,4.2,1.7,382.0,15.0,0.8571,0.0,1.4286,Dưới kế hoạch,
SX-20260208-DC-DCL-01,2026-02-08,Dao cách ly,500,DC-DCL-01,7,6,0,6,4.2,1.3,208.0,10.4,0.8571,0.0,1.4286,Dưới kế hoạch,
SX-20260208-DC-CSV-01,2026-02-08,Chống sét van,110,DC-CSV-01,23,22,0,22,3.3,0.4,336.0,16.6,0.9565,0.0,6.6667,Đạt,
SX-20260208-DC-BI-01,2026-02-08,Biến dòng điện,220,DC-BI-01,14,15,0,15,3.2,0.4,358.0,16.1,1.0714,0.0,4.6875,Đạt,
SX-20260208-DC-BU-01,2026-02-08,Biến điện áp,500,DC-BU-01,9,8,0,8,3.6,2.3,248.0,10.6,0.8889,0.0,2.2222,Dưới kế hoạch,
SX-20260209-DC-MBA-01,2026-02-09,Máy biến áp lực,220,DC-MBA-01,6,6,0,6,9.7,1.8,1332.0,35.0,1.0,0.0,0.6186,Đạt,
SX-20260209-DC-MC-01,2026-02-09,Máy cắt cao áp,500,DC-MC-01,13,13,0,13,10.1,0.2,749.0,32.2,1.0,0.0,1.2871,Đạt,
SX-20260209-DC-DCL-01,2026-02-09,Dao cách ly,110,DC-DCL-01,29,25,0,25,9.6,1.5,861.0,42.7,0.8621,0.0,2.6042,Dưới kế hoạch,
SX-20260209-DC-CSV-01,2026-02-09,Chống sét van,220,DC-CSV-01,49,50,1,49,8.8,1.2,791.0,39.6,1.0204,0.02,5.5682,Đạt,
SX-20260209-DC-BI-01,2026-02-09,Biến dòng điện,500,DC-BI-01,26,22,1,21,9.1,1.9,516.0,26.1,0.8462,0.0455,2.3077,Cần kiểm tra,
SX-20260209-DC-BU-01,2026-02-09,Biến điện áp,110,DC-BU-01,35,31,0,31,9.2,1.2,826.0,42.3,0.8857,0.0,3.3696,Dưới kế hoạch,
SX-20260210-DC-MBA-01,2026-02-10,Máy biến áp lực,500,DC-MBA-01,4,4,0,4,8.7,1.5,865.0,22.5,1.0,0.0,0.4598,Đạt,
SX-20260210-DC-MC-01,2026-02-10,Máy cắt cao áp,110,DC-MC-01,20,21,1,20,9.6,1.1,1104.0,52.7,1.05,0.0476,2.0833,Cần kiểm tra,
SX-20260210-DC-DCL-01,2026-02-10,Dao cách ly,220,DC-DCL-01,22,22,1,21,8.8,0.4,798.0,34.4,1.0,0.0455,2.3864,Cần kiểm tra,
SX-20260210-DC-CSV-01,2026-02-10,Chống sét van,500,DC-CSV-01,34,29,1,28,8.4,1.6,468.0,22.5,0.8529,0.0345,3.3333,Cần kiểm tra,
SX-20260210-DC-BI-01,2026-02-10,Biến dòng điện,110,DC-BI-01,46,48,1,47,9.1,1.4,1198.0,55.5,1.0435,0.0208,5.1648,Đạt,
SX-20260210-DC-BU-01,2026-02-10,Biến điện áp,220,DC-BU-01,30,27,0,27,8.2,0.6,718.0,34.5,0.9,0.0,3.2927,Đạt,
SX-20260211-DC-MBA-01,2026-02-11,Máy biến áp lực,110,DC-MBA-01,7,6,0,6,9.2,1.9,1328.0,34.3,0.8571,0.0,0.6522,Dưới kế hoạch,
SX-20260211-DC-MC-01,2026-02-11,Máy cắt cao áp,220,DC-MC-01,18,17,0,17,8.6,0.9,893.0,43.2,0.9444,0.0,1.9767,Đạt,
SX-20260211-DC-DCL-01,2026-02-11,Dao cách ly,500,DC-DCL-01,15,13,0,13,9.5,1.6,405.0,22.2,0.8667,0.0,1.3684,Dưới kế hoạch,
SX-20260211-DC-CSV-01,2026-02-11,Chống sét van,110,DC-CSV-01,56,59,2,57,7.2,0.8,980.0,43.9,1.0536,0.0339,7.9167,Cần kiểm tra,
SX-20260211-DC-BI-01,2026-02-11,Biến dòng điện,220,DC-BI-01,38,35,0,35,8.5,0.3,861.0,36.7,0.9211,0.0,4.1176,Đạt,
SX-20260211-DC-BU-01,2026-02-11,Biến điện áp,500,DC-BU-01,21,19,1,18,9.4,0.2,551.0,24.1,0.9048,0.0526,1.9149,Cần kiểm tra,
SX-20260212-DC-MBA-01,2026-02-12,Máy biến áp lực,220,DC-MBA-01,6,6,0,6,8.6,1.1,1321.0,35.9,1.0,0.0,0.6977,Đạt,
SX-20260212-DC-MC-01,2026-02-12,Máy cắt cao áp,500,DC-MC-01,13,13,1,12,8.8,0.5,792.0,30.4,1.0,0.0769,1.3636,Cần kiểm tra,
SX-20260212-DC-DCL-01,2026-02-12,Dao cách ly,110,DC-DCL-01,28,25,1,24,7.8,2.1,863.0,43.9,0.8929,0.04,3.0769,Cần kiểm tra,
SX-20260212-DC-CSV-01,2026-02-12,Chống sét van,220,DC-CSV-01,47,51,1,50,7.9,1.4,880.0,43.2,1.0851,0.0196,6.3291,Đạt,
SX-20260212-DC-BI-01,2026-02-12,Biến dòng điện,500,DC-BI-01,25,25,1,24,8.2,0.3,532.0,29.6,1.0,0.04,2.9268,Cần kiểm tra,
SX-20260212-DC-BU-01,2026-02-12,Biến điện áp,110,DC-BU-01,40,40,1,39,9.7,0.9,1237.0,48.0,1.0,0.025,4.0206,Đạt,
SX-20260213-DC-MBA-01,2026-02-13,Máy biến áp lực,500,DC-MBA-01,4,4,0,4,9.9,0.7,890.0,24.8,1.0,0.0,0.404,Đạt,
SX-20260213-DC-MC-01,2026-02-13,Máy cắt cao áp,110,DC-MC-01,21,23,0,23,9.6,1.6,1373.0,58.5,1.0952,0.0,2.3958,Đạt,
SX-20260213-DC-DCL-01,2026-02-13,Dao cách ly,220,DC-DCL-01,24,23,1,22,7.7,0.3,756.0,37.4,0.9583,0.0435,2.8571,Cần kiểm tra,
SX-20260213-DC-CSV-01,2026-02-13,Chống sét van,500,DC-CSV-01,37,34,1,33,8.2,0.7,588.0,25.6,0.9189,0.0294,4.0244,Đạt,
SX-20260213-DC-BI-01,2026-02-13,Biến dòng điện,110,DC-BI-01,44,47,2,45,7.6,1.7,1142.0,48.6,1.0682,0.0426,5.9211,Cần kiểm tra,
SX-20260213-DC-BU-01,2026-02-13,Biến điện áp,220,DC-BU-01,28,27,0,27,8.2,1.8,810.0,33.2,0.9643,0.0,3.2927,Đạt,
SX-20260214-DC-MBA-01,2026-02-14,Máy biến áp lực,110,DC-MBA-01,4,4,0,4,5.1,0.3,1045.0,24.8,1.0,0.0,0.7843,Đạt,
SX-20260214-DC-MC-01,2026-02-14,Máy cắt cao áp,220,DC-MC-01,11,12,0,12,4.4,0.6,740.0,30.2,1.0909,0.0,2.7273,Đạt,
SX-20260214-DC-DCL-01,2026-02-14,Dao cách ly,500,DC-DCL-01,11,11,0,11,4.7,1.0,366.0,19.9,1.0,0.0,2.3404,Đạt,
SX-20260214-DC-CSV-01,2026-02-14,Chống sét van,110,DC-CSV-01,40,41,1,40,4.9,0.6,686.0,30.2,1.025,0.0244,8.1633,Đạt,
SX-20260214-DC-BI-01,2026-02-14,Biến dòng điện,220,DC-BI-01,22,19,0,19,5.6,1.4,434.0,21.8,0.8636,0.0,3.3929,Dưới kế hoạch,
SX-20260214-DC-BU-01,2026-02-14,Biến điện áp,500,DC-BU-01,12,12,0,12,5.1,0.2,315.0,14.5,1.0,0.0,2.3529,Đạt,
SX-20260215-DC-MBA-01,2026-02-15,Máy biến áp lực,220,DC-MBA-01,3,3,0,3,3.8,1.3,684.0,17.2,1.0,0.0,0.7895,Đạt,
SX-20260215-DC-MC-01,2026-02-15,Máy cắt cao áp,500,DC-MC-01,5,4,0,4,3.2,2.3,252.0,9.7,0.8,0.0,1.25,Dưới kế hoạch,
SX-20260215-DC-DCL-01,2026-02-15,Dao cách ly,110,DC-DCL-01,12,12,0,12,3.5,0.5,443.0,21.9,1.0,0.0,3.4286,Đạt,
SX-20260215-DC-CSV-01,2026-02-15,Chống sét van,220,DC-CSV-01,21,20,0,20,3.0,0.3,343.0,17.2,0.9524,0.0,6.6667,Đạt,
SX-20260215-DC-BI-01,2026-02-15,Biến dòng điện,500,DC-BI-01,10,10,0,10,4.1,0.3,237.0,11.8,1.0,0.0,2.439,Đạt,
SX-20260215-DC-BU-01,2026-02-15,Biến điện áp,110,DC-BU-01,16,18,0,18,3.3,1.6,499.0,22.9,1.125,0.0,5.4545,Đạt,
SX-20260216-DC-MBA-01,2026-02-16,Máy biến áp lực,500,DC-MBA-01,4,3,0,3,10.0,1.9,707.0,18.8,0.75,0.0,0.3,Dưới kế hoạch,
SX-20260216-DC-MC-01,2026-02-16,Máy cắt cao áp,110,DC-MC-01,20,21,1,20,7.4,0.2,1256.0,53.6,1.05,0.0476,2.7027,Cần kiểm tra,
SX-20260216-DC-DCL-01,2026-02-16,Dao cách ly,220,DC-DCL-01,21,20,1,19,7.5,1.1,716.0,31.4,0.9524,0.05,2.5333,Cần kiểm tra,
SX-20260216-DC-CSV-01,2026-02-16,Chống sét van,500,DC-CSV-01,37,37,1,36,10.1,1.6,647.0,27.8,1.0,0.027,3.5644,Đạt,
SX-20260216-DC-BI-01,2026-02-16,Biến dòng điện,110,DC-BI-01,46,46,1,45,7.4,0.2,965.0,48.0,1.0,0.0217,6.0811,Đạt,
SX-20260216-DC-BU-01,2026-02-16,Biến điện áp,220,DC-BU-01,28,29,1,28,7.9,0.4,830.0,38.1,1.0357,0.0345,3.5443,Cần kiểm tra,
SX-20260217-DC-MBA-01,2026-02-17,Máy biến áp lực,110,DC-MBA-01,8,7,0,7,8.8,1.1,1773.0,41.4,0.875,0.0,0.7955,Dưới kế hoạch,
SX-20260217-DC-MC-01,2026-02-17,Máy cắt cao áp,220,DC-MC-01,16,18,0,18,7.7,1.4,1045.0,43.1,1.125,0.0,2.3377,Đạt,
SX-20260217-DC-DCL-01,2026-02-17,Dao cách ly,500,DC-DCL-01,16,15,0,15,7.8,1.1,553.0,24.0,0.9375,0.0,1.9231,Đạt,
SX-20260217-DC-CSV-01,2026-02-17,Chống sét van,110,DC-CSV-01,56,55,2,53,9.6,0.2,907.0,42.6,0.9821,0.0364,5.5208,Cần kiểm tra,
SX-20260217-DC-BI-01,2026-02-17,Biến dòng điện,220,DC-BI-01,34,38,1,37,7.7,1.4,952.0,38.9,1.1176,0.0263,4.8052,Đạt,
SX-20260217-DC-BU-01,2026-02-17,Biến điện áp,500,DC-BU-01,21,18,1,17,8.3,1.5,496.0,24.8,0.8571,0.0556,2.0482,Cần kiểm tra,
SX-20260218-DC-MBA-01,2026-02-18,Máy biến áp lực,220,DC-MBA-01,6,5,0,5,9.2,0.9,1295.0,27.2,0.8333,0.0,0.5435,Dưới kế hoạch,
SX-20260218-DC-MC-01,2026-02-18,Máy cắt cao áp,500,DC-MC-01,12,11,1,10,8.5,0.6,666.0,27.8,0.9167,0.0909,1.1765,Cần kiểm tra,
SX-20260218-DC-DCL-01,2026-02-18,Dao cách ly,110,DC-DCL-01,26,29,0,29,7.2,1.3,987.0,45.6,1.1154,0.0,4.0278,Đạt,
SX-20260218-DC-CSV-01,2026-02-18,Chống sét van,220,DC-CSV-01,51,55,3,52,9.5,0.3,932.0,46.3,1.0784,0.0545,5.4737,Cần kiểm tra,
SX-20260218-DC-BI-01,2026-02-18,Biến dòng điện,500,DC-BI-01,27,25,1,24,8.3,1.0,586.0,26.4,0.9259,0.04,2.8916,Cần kiểm tra,
SX-20260218-DC-BU-01,2026-02-18,Biến điện áp,110,DC-BU-01,38,37,0,37,10.0,1.5,1134.0,45.1,0.9737,0.0,3.7,Đạt,
SX-20260219-DC-MBA-01,2026-02-19,Máy biến áp lực,500,DC-MBA-01,4,4,0,4,8.4,1.3,978.0,24.4,1.0,0.0,0.4762,Đạt,
SX-20260219-DC-MC-01,2026-02-19,Máy cắt cao áp,110,DC-MC-01,21,21,0,21,7.5,1.2,1142.0,53.2,1.0,0.0,2.8,Đạt,
SX-20260219-DC-DCL-01,2026-02-19,Dao cách ly,220,DC-DCL-01,21,23,1,22,8.4,0.1,801.0,40.1,1.0952,0.0435,2.619,Cần kiểm tra,
SX-20260219-DC-CSV-01,2026-02-19,Chống sét van,500,DC-CSV-01,33,32,0,32,8.5,1.7,463.0,27.4,0.9697,0.0,3.7647,Đạt,
SX-20260219-DC-BI-01,2026-02-19,Biến dòng điện,110,DC-BI-01,41,39,2,37,9.3,0.1,933.0,39.5,0.9512,0.0513,3.9785,Cần kiểm tra,
SX-20260219-DC-BU-01,2026-02-19,Biến điện áp,220,DC-BU-01,32,36,1,35,7.4,1.1,1130.0,47.8,1.125,0.0278,4.7297,Đạt,
SX-20260220-DC-MBA-01,2026-02-20,Máy biến áp lực,110,DC-MBA-01,7,7,0,7,8.0,0.1,1561.0,43.7,1.0,0.0,0.875,Đạt,
SX-20260220-DC-MC-01,2026-02-20,Máy cắt cao áp,220,DC-MC-01,18,16,1,15,9.2,1.3,964.0,40.2,0.8889,0.0625,1.6304,Cần kiểm tra,
SX-20260220-DC-DCL-01,2026-02-20,Dao cách ly,500,DC-DCL-01,17,18,1,17,7.9,0.8,594.0,30.2,1.0588,0.0556,2.1519,Cần kiểm tra,
SX-20260220-DC-CSV-01,2026-02-20,Chống sét van,110,DC-CSV-01,62,65,1,64,7.3,0.2,1064.0,48.3,1.0484,0.0154,8.7671,Đạt,
SX-20260220-DC-BI-01,2026-02-20,Biến dòng điện,220,DC-BI-01,39,33,2,31,8.6,0.9,790.0,34.7,0.8462,0.0606,3.6047,Cần kiểm tra,
SX-20260220-DC-BU-01,2026-02-20,Biến điện áp,500,DC-BU-01,20,18,1,17,8.5,0.7,529.0,24.3,0.9,0.0556,2.0,Cần kiểm tra,
SX-20260221-DC-MBA-01,2026-02-21,Máy biến áp lực,220,DC-MBA-01,4,4,0,4,5.8,1.7,1026.0,24.9,1.0,0.0,0.6897,Đạt,
SX-20260221-DC-MC-01,2026-02-21,Máy cắt cao áp,500,DC-MC-01,8,9,0,9,5.7,1.6,543.0,23.1,1.125,0.0,1.5789,Đạt,
SX-20260221-DC-DCL-01,2026-02-21,Dao cách ly,110,DC-DCL-01,18,16,0,16,5.1,1.4,586.0,26.1,0.8889,0.0,3.1373,Dưới kế hoạch,
SX-20260221-DC-CSV-01,2026-02-21,Chống sét van,220,DC-CSV-01,32,33,1,32,4.5,1.6,511.0,26.9,1.0312,0.0303,7.1111,Cần kiểm tra,
SX-20260221-DC-BI-01,2026-02-21,Biến dòng điện,500,DC-BI-01,15,15,0,15,6.3,1.6,365.0,17.2,1.0,0.0,2.381,Đạt,
SX-20260221-DC-BU-01,2026-02-21,Biến điện áp,110,DC-BU-01,21,22,1,21,5.9,0.2,649.0,26.8,1.0476,0.0455,3.5593,Cần kiểm tra,
SX-20260222-DC-MBA-01,2026-02-22,Máy biến áp lực,500,DC-MBA-01,2,2,0,2,3.2,1.2,506.0,12.4,1.0,0.0,0.625,Đạt,
SX-20260222-DC-MC-01,2026-02-22,Máy cắt cao áp,110,DC-MC-01,9,10,0,10,4.0,0.1,595.0,25.0,1.1111,0.0,2.5,Đạt,
SX-20260222-DC-DCL-01,2026-02-22,Dao cách ly,220,DC-DCL-01,10,10,0,10,3.8,1.1,359.0,17.0,1.0,0.0,2.6316,Đạt,
SX-20260222-DC-CSV-01,2026-02-22,Chống sét van,500,DC-CSV-01,15,13,0,13,4.1,1.3,189.0,10.6,0.8667,0.0,3.1707,Dưới kế hoạch,
SX-20260222-DC-BI-01,2026-02-22,Biến dòng điện,110,DC-BI-01,20,21,1,20,3.8,1.5,497.0,23.4,1.05,0.0476,5.2632,Cần kiểm tra,
SX-20260222-DC-BU-01,2026-02-22,Biến điện áp,220,DC-BU-01,13,11,0,11,3.3,2.1,298.0,13.3,0.8462,0.0,3.3333,Dưới kế hoạch,
SX-20260223-DC-MBA-01,2026-02-23,Máy biến áp lực,110,DC-MBA-01,8,7,0,7,9.7,0.7,1717.0,38.6,0.875,0.0,0.7216,Dưới kế hoạch,
SX-20260223-DC-MC-01,2026-02-23,Máy cắt cao áp,220,DC-MC-01,16,18,0,18,9.1,1.4,989.0,46.4,1.125,0.0,1.978,Đạt,
SX-20260223-DC-DCL-01,2026-02-23,Dao cách ly,500,DC-DCL-01,16,14,0,14,8.7,2.1,434.0,22.1,0.875,0.0,1.6092,Dưới kế hoạch,
SX-20260223-DC-CSV-01,2026-02-23,Chống sét van,110,DC-CSV-01,61,65,3,62,9.6,0.7,1018.0,49.2,1.0656,0.0462,6.4583,Cần kiểm tra,
SX-20260223-DC-BI-01,2026-02-23,Biến dòng điện,220,DC-BI-01,34,37,2,35,8.0,1.1,832.0,37.9,1.0882,0.0541,4.375,Cần kiểm tra,
SX-20260223-DC-BU-01,2026-02-23,Biến điện áp,500,DC-BU-01,21,18,0,18,9.5,2.3,574.0,23.6,0.8571,0.0,1.8947,Dưới kế hoạch,
SX-20260224-DC-MBA-01,2026-02-24,Máy biến áp lực,220,DC-MBA-01,6,6,0,6,9.0,0.9,1519.0,35.8,1.0,0.0,0.6667,Đạt,
SX-20260224-DC-MC-01,2026-02-24,Máy cắt cao áp,500,DC-MC-01,12,11,0,11,7.8,1.7,676.0,24.9,0.9167,0.0,1.4103,Đạt,
SX-20260224-DC-DCL-01,2026-02-24,Dao cách ly,110,DC-DCL-01,28,27,1,26,10.1,0.4,974.0,49.3,0.9643,0.037,2.5743,Cần kiểm tra,
SX-20260224-DC-CSV-01,2026-02-24,Chống sét van,220,DC-CSV-01,51,50,2,48,9.2,1.2,854.0,38.1,0.9804,0.04,5.2174,Cần kiểm tra,
SX-20260224-DC-BI-01,2026-02-24,Biến dòng điện,500,DC-BI-01,24,25,1,24,9.8,0.9,548.0,26.8,1.0417,0.04,2.449,Cần kiểm tra,
SX-20260224-DC-BU-01,2026-02-24,Biến điện áp,110,DC-BU-01,35,38,1,37,7.9,1.1,1033.0,50.8,1.0857,0.0263,4.6835,Đạt,
SX-20260225-DC-MBA-01,2026-02-25,Máy biến áp lực,500,DC-MBA-01,4,4,0,4,7.4,0.1,957.0,21.5,1.0,0.0,0.5405,Đạt,
SX-20260225-DC-MC-01,2026-02-25,Máy cắt cao áp,110,DC-MC-01,21,21,0,21,7.6,1.5,1131.0,51.4,1.0,0.0,2.7632,Đạt,
SX-20260225-DC-DCL-01,2026-02-25,Dao cách ly,220,DC-DCL-01,22,21,0,21,8.2,0.5,758.0,36.8,0.9545,0.0,2.561,Đạt,
SX-20260225-DC-CSV-01,2026-02-25,Chống sét van,500,DC-CSV-01,33,36,0,36,7.9,1.3,615.0,28.6,1.0909,0.0,4.557,Đạt,
SX-20260225-DC-BI-01,2026-02-25,Biến dòng điện,110,DC-BI-01,42,47,1,46,9.5,1.5,1048.0,54.3,1.119,0.0213,4.8421,Đạt,
SX-20260225-DC-BU-01,2026-02-25,Biến điện áp,220,DC-BU-01,32,27,1,26,7.7,1.1,736.0,35.2,0.8438,0.037,3.3766,Cần kiểm tra,
SX-20260226-DC-MBA-01,2026-02-26,Máy biến áp lực,110,DC-MBA-01,7,6,0,6,8.8,1.2,1559.0,32.8,0.8571,0.0,0.6818,Dưới kế hoạch,
SX-20260226-DC-MC-01,2026-02-26,Máy cắt cao áp,220,DC-MC-01,18,20,0,20,9.6,0.2,1218.0,47.2,1.1111,0.0,2.0833,Đạt,
SX-20260226-DC-DCL-01,2026-02-26,Dao cách ly,500,DC-DCL-01,17,19,1,18,8.2,1.6,704.0,30.0,1.1176,0.0526,2.1951,Cần kiểm tra,
SX-20260226-DC-CSV-01,2026-02-26,Chống sét van,110,DC-CSV-01,63,65,2,63,7.8,0.7,936.0,51.6,1.0317,0.0308,8.0769,Cần kiểm tra,
SX-20260226-DC-BI-01,2026-02-26,Biến dòng điện,220,DC-BI-01,36,38,1,37,8.7,1.2,851.0,43.3,1.0556,0.0263,4.2529,Đạt,
SX-20260226-DC-BU-01,2026-02-26,Biến điện áp,500,DC-BU-01,21,18,0,18,9.7,2.2,489.0,23.0,0.8571,0.0,1.8557,Dưới kế hoạch,
SX-20260227-DC-MBA-01,2026-02-27,Máy biến áp lực,220,DC-MBA-01,6,7,0,7,9.7,0.6,1643.0,38.1,1.1667,0.0,0.7216,Đạt,
SX-20260227-DC-MC-01,2026-02-27,Máy cắt cao áp,500,DC-MC-01,12,13,1,12,9.0,1.0,750.0,31.5,1.0833,0.0769,1.3333,Cần kiểm tra,
SX-20260227-DC-DCL-01,2026-02-27,Dao cách ly,110,DC-DCL-01,29,25,1,24,7.2,2.1,910.0,39.2,0.8621,0.04,3.3333,Cần kiểm tra,
SX-20260227-DC-CSV-01,2026-02-27,Chống sét van,220,DC-CSV-01,47,43,2,41,9.2,0.7,663.0,36.2,0.9149,0.0465,4.4565,Cần kiểm tra,
SX-20260227-DC-BI-01,2026-02-27,Biến dòng điện,500,DC-BI-01,27,26,1,25,10.0,1.1,587.0,28.3,0.963,0.0385,2.5,Cần kiểm tra,
SX-20260227-DC-BU-01,2026-02-27,Biến điện áp,110,DC-BU-01,39,42,1,41,8.1,1.6,1134.0,54.4,1.0769,0.0238,5.0617,Đạt,
SX-20260228-DC-MBA-01,2026-02-28,Máy biến áp lực,500,DC-MBA-01,3,3,0,3,5.3,0.6,757.0,16.3,1.0,0.0,0.566,Đạt,
SX-20260228-DC-MC-01,2026-02-28,Máy cắt cao áp,110,DC-MC-01,12,13,1,12,6.1,0.4,714.0,30.9,1.0833,0.0769,1.9672,Cần kiểm tra,
SX-20260228-DC-DCL-01,2026-02-28,Dao cách ly,220,DC-DCL-01,15,16,1,15,5.3,1.0,579.0,28.5,1.0667,0.0625,2.8302,Cần kiểm tra,
SX-20260228-DC-CSV-01,2026-02-28,Chống sét van,500,DC-CSV-01,22,22,0,22,5.0,0.9,348.0,18.0,1.0,0.0,4.4,Đạt,
SX-20260228-DC-BI-01,2026-02-28,Biến dòng điện,110,DC-BI-01,27,24,1,23,5.5,1.5,571.0,24.6,0.8889,0.0417,4.1818,Cần kiểm tra,
SX-20260228-DC-BU-01,2026-02-28,Biến điện áp,220,DC-BU-01,20,21,1,20,4.6,1.8,590.0,27.9,1.05,0.0476,4.3478,Cần kiểm tra,
SX-20260301-DC-MBA-01,2026-03-01,Máy biến áp lực,110,DC-MBA-01,3,3,0,3,3.6,0.3,652.0,17.7,1.0,0.0,0.8333,Đạt,
SX-20260301-DC-MC-01,2026-03-01,Máy cắt cao áp,220,DC-MC-01,7,7,0,7,3.0,0.7,418.0,16.0,1.0,0.0,2.3333,Đạt,
SX-20260301-DC-DCL-01,2026-03-01,Dao cách ly,500,DC-DCL-01,7,6,0,6,3.7,2.4,190.0,10.0,0.8571,0.0,1.6216,Dưới kế hoạch,
SX-20260301-DC-CSV-01,2026-03-01,Chống sét van,110,DC-CSV-01,24,21,1,20,3.2,1.7,364.0,18.0,0.875,0.0476,6.25,Cần kiểm tra,
SX-20260301-DC-BI-01,2026-03-01,Biến dòng điện,220,DC-BI-01,14,16,1,15,3.7,0.4,334.0,17.3,1.1429,0.0625,4.0541,Cần kiểm tra,
SX-20260301-DC-BU-01,2026-03-01,Biến điện áp,500,DC-BU-01,9,8,0,8,4.0,1.2,217.0,10.6,0.8889,0.0,2.0,Dưới kế hoạch,
SX-20260302-DC-MBA-01,2026-03-02,Máy biến áp lực,220,DC-MBA-01,5,6,0,6,7.3,1.0,1338.0,33.0,1.2,0.0,0.8219,Đạt,
SX-20260302-DC-MC-01,2026-03-02,Máy cắt cao áp,500,DC-MC-01,11,10,0,10,9.6,1.2,544.0,24.9,0.9091,0.0,1.0417,Đạt,
SX-20260302-DC-DCL-01,2026-03-02,Dao cách ly,110,DC-DCL-01,25,23,1,22,7.6,1.8,769.0,40.9,0.92,0.0435,2.8947,Cần kiểm tra,
SX-20260302-DC-CSV-01,2026-03-02,Chống sét van,220,DC-CSV-01,43,44,2,42,10.0,0.3,751.0,35.5,1.0233,0.0455,4.2,Cần kiểm tra,
SX-20260302-DC-BI-01,2026-03-02,Biến dòng điện,500,DC-BI-01,23,24,1,23,9.2,1.3,590.0,26.5,1.0435,0.0417,2.5,Cần kiểm tra,
SX-20260302-DC-BU-01,2026-03-02,Biến điện áp,110,DC-BU-01,35,34,1,33,8.9,1.4,940.0,45.8,0.9714,0.0294,3.7079,Đạt,
SX-20260303-DC-MBA-01,2026-03-03,Máy biến áp lực,500,DC-MBA-01,4,4,0,4,8.3,0.7,925.0,23.3,1.0,0.0,0.4819,Đạt,
SX-20260303-DC-MC-01,2026-03-03,Máy cắt cao áp,110,DC-MC-01,19,21,0,21,9.2,1.0,1217.0,52.3,1.1053,0.0,2.2826,Đạt,
SX-20260303-DC-DCL-01,2026-03-03,Dao cách ly,220,DC-DCL-01,20,22,0,22,7.4,0.4,708.0,40.0,1.1,0.0,2.973,Đạt,
SX-20260303-DC-CSV-01,2026-03-03,Chống sét van,500,DC-CSV-01,33,35,1,34,9.5,0.3,599.0,27.4,1.0606,0.0286,3.5789,Đạt,
SX-20260303-DC-BI-01,2026-03-03,Biến dòng điện,110,DC-BI-01,39,37,1,36,7.5,0.6,787.0,41.1,0.9487,0.027,4.8,Đạt,
SX-20260303-DC-BU-01,2026-03-03,Biến điện áp,220,DC-BU-01,28,30,1,29,9.0,0.8,887.0,38.2,1.0714,0.0333,3.2222,Cần kiểm tra,
SX-20260304-DC-MBA-01,2026-03-04,Máy biến áp lực,110,DC-MBA-01,7,7,0,7,8.3,0.2,1556.0,38.2,1.0,0.0,0.8434,Đạt,
SX-20260304-DC-MC-01,2026-03-04,Máy cắt cao áp,220,DC-MC-01,17,16,0,16,7.1,0.7,1003.0,41.2,0.9412,0.0,2.2535,Đạt,
SX-20260304-DC-DCL-01,2026-03-04,Dao cách ly,500,DC-DCL-01,15,17,1,16,8.2,0.7,571.0,30.6,1.1333,0.0588,1.9512,Cần kiểm tra,
SX-20260304-DC-CSV-01,2026-03-04,Chống sét van,110,DC-CSV-01,57,57,2,55,7.1,1.1,962.0,44.8,1.0,0.0351,7.7465,Cần kiểm tra,
SX-20260304-DC-BI-01,2026-03-04,Biến dòng điện,220,DC-BI-01,33,28,1,27,7.4,1.2,682.0,32.9,0.8485,0.0357,3.6486,Cần kiểm tra,
SX-20260304-DC-BU-01,2026-03-04,Biến điện áp,500,DC-BU-01,20,19,1,18,9.6,0.4,526.0,25.9,0.95,0.0526,1.875,Cần kiểm tra,
SX-20260305-DC-MBA-01,2026-03-05,Máy biến áp lực,220,DC-MBA-01,5,5,0,5,8.7,0.8,1202.0,28.2,1.0,0.0,0.5747,Đạt,
SX-20260305-DC-MC-01,2026-03-05,Máy cắt cao áp,500,DC-MC-01,12,12,0,12,7.8,0.8,655.0,30.0,1.0,0.0,1.5385,Đạt,
SX-20260305-DC-DCL-01,2026-03-05,Dao cách ly,110,DC-DCL-01,26,23,1,22,8.5,1.0,770.0,36.4,0.8846,0.0435,2.5882,Cần kiểm tra,
SX-20260305-DC-CSV-01,2026-03-05,Chống sét van,220,DC-CSV-01,46,51,2,49,8.1,1.6,869.0,37.9,1.1087,0.0392,6.0494,Cần kiểm tra,
SX-20260305-DC-BI-01,2026-03-05,Biến dòng điện,500,DC-BI-01,26,26,1,25,10.0,1.7,600.0,28.3,1.0,0.0385,2.5,Cần kiểm tra,
SX-20260305-DC-BU-01,2026-03-05,Biến điện áp,110,DC-BU-01,37,41,1,40,9.4,0.6,1203.0,50.3,1.1081,0.0244,4.2553,Đạt,
SX-20260306-DC-MBA-01,2026-03-06,Máy biến áp lực,500,DC-MBA-01,4,4,0,4,8.5,1.7,964.0,22.6,1.0,0.0,0.4706,Đạt,
SX-20260306-DC-MC-01,2026-03-06,Máy cắt cao áp,110,DC-MC-01,19,19,0,19,9.5,1.3,1083.0,42.0,1.0,0.0,2.0,Đạt,
SX-20260306-DC-DCL-01,2026-03-06,Dao cách ly,220,DC-DCL-01,20,20,1,19,10.1,0.6,620.0,32.7,1.0,0.05,1.8812,Cần kiểm tra,
SX-20260306-DC-CSV-01,2026-03-06,Chống sét van,500,DC-CSV-01,35,36,1,35,8.1,1.4,599.0,27.9,1.0286,0.0278,4.321,Đạt,
SX-20260306-DC-BI-01,2026-03-06,Biến dòng điện,110,DC-BI-01,43,42,1,41,9.8,1.2,907.0,45.5,0.9767,0.0238,4.1837,Đạt,
SX-20260306-DC-BU-01,2026-03-06,Biến điện áp,220,DC-BU-01,28,29,1,28,10.2,0.2,904.0,38.6,1.0357,0.0345,2.7451,Cần kiểm tra,
SX-20260307-DC-MBA-01,2026-03-07,Máy biến áp lực,110,DC-MBA-01,4,4,0,4,4.4,1.0,1003.0,24.5,1.0,0.0,0.9091,Đạt,
SX-20260307-DC-MC-01,2026-03-07,Máy cắt cao áp,220,DC-MC-01,10,11,1,10,6.0,1.4,650.0,27.2,1.1,0.0909,1.6667,Cần kiểm tra,
SX-20260307-DC-DCL-01,2026-03-07,Dao cách ly,500,DC-DCL-01,10,10,0,10,5.7,1.3,306.0,17.7,1.0,0.0,1.7544,Đạt,
SX-20260307-DC-CSV-01,2026-03-07,Chống sét van,110,DC-CSV-01,34,33,0,33,4.6,0.9,523.0,24.6,0.9706,0.0,7.1739,Đạt,
SX-20260307-DC-BI-01,2026-03-07,Biến dòng điện,220,DC-BI-01,21,23,1,22,5.3,0.6,513.0,25.5,1.0952,0.0435,4.1509,Cần kiểm tra,
SX-20260307-DC-BU-01,2026-03-07,Biến điện áp,500,DC-BU-01,12,13,0,13,6.0,0.9,380.0,16.6,1.0833,0.0,2.1667,Đạt,
SX-20260308-DC-MBA-01,2026-03-08,Máy biến áp lực,220,DC-MBA-01,2,2,0,2,3.4,0.6,470.0,10.8,1.0,0.0,0.5882,Đạt,
SX-20260308-DC-MC-01,2026-03-08,Máy cắt cao áp,500,DC-MC-01,5,5,0,5,3.5,1.3,302.0,12.0,1.0,0.0,1.4286,Đạt,
SX-20260308-DC-DCL-01,2026-03-08,Dao cách ly,110,DC-DCL-01,12,11,0,11,3.8,1.4,361.0,19.0,0.9167,0.0,2.8947,Đạt,
SX-20260308-DC-CSV-01,2026-03-08,Chống sét van,220,DC-CSV-01,18,20,1,19,3.6,1.6,339.0,15.4,1.1111,0.05,5.2778,Cần kiểm tra,
SX-20260308-DC-BI-01,2026-03-08,Biến dòng điện,500,DC-BI-01,11,12,1,11,3.8,0.4,292.0,13.8,1.0909,0.0833,2.8947,Cần kiểm tra,
SX-20260308-DC-BU-01,2026-03-08,Biến điện áp,110,DC-BU-01,15,14,0,14,3.6,0.1,403.0,18.8,0.9333,0.0,3.8889,Đạt,
SX-20260309-DC-MBA-01,2026-03-09,Máy biến áp lực,500,DC-MBA-01,4,4,0,4,9.6,0.4,954.0,24.2,1.0,0.0,0.4167,Đạt,
SX-20260309-DC-MC-01,2026-03-09,Máy cắt cao áp,110,DC-MC-01,19,20,1,19,9.3,0.7,1096.0,46.6,1.0526,0.05,2.043,Cần kiểm tra,
SX-20260309-DC-DCL-01,2026-03-09,Dao cách ly,220,DC-DCL-01,21,22,1,21,7.8,1.3,732.0,36.6,1.0476,0.0455,2.6923,Cần kiểm tra,
SX-20260309-DC-CSV-01,2026-03-09,Chống sét van,500,DC-CSV-01,34,35,2,33,10.0,0.6,540.0,28.7,1.0294,0.0571,3.3,Cần kiểm tra,
SX-20260309-DC-BI-01,2026-03-09,Biến dòng điện,110,DC-BI-01,43,40,1,39,9.9,0.9,952.0,47.2,0.9302,0.025,3.9394,Đạt,
SX-20260309-DC-BU-01,2026-03-09,Biến điện áp,220,DC-BU-01,30,29,1,28,7.3,1.4,765.0,40.2,0.9667,0.0345,3.8356,Cần kiểm tra,
SX-20260310-DC-MBA-01,2026-03-10,Máy biến áp lực,110,DC-MBA-01,7,6,0,6,8.2,1.3,1479.0,34.7,0.8571,0.0,0.7317,Dưới kế hoạch,
SX-20260310-DC-MC-01,2026-03-10,Máy cắt cao áp,220,DC-MC-01,17,17,0,17,10.1,1.6,982.0,37.8,1.0,0.0,1.6832,Đạt,
SX-20260310-DC-DCL-01,2026-03-10,Dao cách ly,500,DC-DCL-01,15,14,0,14,9.4,0.8,440.0,24.1,0.9333,0.0,1.4894,Đạt,
SX-20260310-DC-CSV-01,2026-03-10,Chống sét van,110,DC-CSV-01,58,55,2,53,9.8,0.4,881.0,45.4,0.9483,0.0364,5.4082,Cần kiểm tra,
SX-20260310-DC-BI-01,2026-03-10,Biến dòng điện,220,DC-BI-01,35,38,2,36,9.4,0.3,910.0,40.8,1.0857,0.0526,3.8298,Cần kiểm tra,
SX-20260310-DC-BU-01,2026-03-10,Biến điện áp,500,DC-BU-01,22,20,0,20,8.4,1.3,633.0,25.8,0.9091,0.0,2.381,Đạt,
SX-20260311-DC-MBA-01,2026-03-11,Máy biến áp lực,220,DC-MBA-01,5,5,0,5,8.5,0.5,1261.0,28.3,1.0,0.0,0.5882,Đạt,
SX-20260311-DC-MC-01,2026-03-11,Máy cắt cao áp,500,DC-MC-01,12,11,1,10,9.7,1.0,629.0,26.4,0.9167,0.0909,1.0309,Cần kiểm tra,
SX-20260311-DC-DCL-01,2026-03-11,Dao cách ly,110,DC-DCL-01,25,22,1,21,8.8,0.8,810.0,36.4,0.88,0.0455,2.3864,Cần kiểm tra,
SX-20260311-DC-CSV-01,2026-03-11,Chống sét van,220,DC-CSV-01,46,51,2,49,9.2,0.7,896.0,38.7,1.1087,0.0392,5.3261,Cần kiểm tra,
SX-20260311-DC-BI-01,2026-03-11,Biến dòng điện,500,DC-BI-01,23,21,1,20,10.1,0.3,439.0,21.8,0.913,0.0476,1.9802,Cần kiểm tra,
SX-20260311-DC-BU-01,2026-03-11,Biến điện áp,110,DC-BU-01,34,37,0,37,7.3,0.5,1071.0,49.1,1.0882,0.0,5.0685,Đạt,
SX-20260312-DC-MBA-01,2026-03-12,Máy biến áp lực,500,DC-MBA-01,4,3,0,3,8.5,2.4,789.0,18.3,0.75,0.0,0.3529,Dưới kế hoạch,
SX-20260312-DC-MC-01,2026-03-12,Máy cắt cao áp,110,DC-MC-01,21,20,1,19,7.2,0.8,1147.0,46.0,0.9524,0.05,2.6389,Cần kiểm tra,
SX-20260312-DC-DCL-01,2026-03-12,Dao cách ly,220,DC-DCL-01,23,24,0,24,9.2,1.6,766.0,40.3,1.0435,0.0,2.6087,Đạt,
SX-20260312-DC-CSV-01,2026-03-12,Chống sét van,500,DC-CSV-01,30,30,1,29,7.1,1.1,516.0,24.2,1.0,0.0333,4.0845,Cần kiểm tra,
SX-20260312-DC-BI-01,2026-03-12,Biến dòng điện,110,DC-BI-01,41,41,1,40,8.4,0.8,985.0,43.4,1.0,0.0244,4.7619,Đạt,
SX-20260312-DC-BU-01,2026-03-12,Biến điện áp,220,DC-BU-01,29,31,1,30,8.3,0.7,832.0,40.2,1.069,0.0323,3.6145,Cần kiểm tra,
SX-20260313-DC-MBA-01,2026-03-13,Máy biến áp lực,110,DC-MBA-01,6,6,0,6,9.8,1.7,1361.0,35.6,1.0,0.0,0.6122,Đạt,
SX-20260313-DC-MC-01,2026-03-13,Máy cắt cao áp,220,DC-MC-01,16,15,0,15,7.7,1.0,893.0,38.7,0.9375,0.0,1.9481,Đạt,
SX-20260313-DC-DCL-01,2026-03-13,Dao cách ly,500,DC-DCL-01,16,17,0,17,9.1,0.4,540.0,31.2,1.0625,0.0,1.8681,Đạt,
SX-20260313-DC-CSV-01,2026-03-13,Chống sét van,110,DC-CSV-01,58,62,1,61,8.7,1.2,1019.0,50.0,1.069,0.0161,7.0115,Đạt,
SX-20260313-DC-BI-01,2026-03-13,Biến dòng điện,220,DC-BI-01,32,33,1,32,9.6,0.2,752.0,38.7,1.0312,0.0303,3.3333,Cần kiểm tra,
SX-20260313-DC-BU-01,2026-03-13,Biến điện áp,500,DC-BU-01,21,19,1,18,7.6,1.1,499.0,24.7,0.9048,0.0526,2.3684,Cần kiểm tra,
SX-20260314-DC-MBA-01,2026-03-14,Máy biến áp lực,220,DC-MBA-01,4,4,0,4,6.1,1.6,885.0,22.7,1.0,0.0,0.6557,Đạt,
SX-20260314-DC-MC-01,2026-03-14,Máy cắt cao áp,500,DC-MC-01,7,7,0,7,4.6,1.2,394.0,16.9,1.0,0.0,1.5217,Đạt,
SX-20260314-DC-DCL-01,2026-03-14,Dao cách ly,110,DC-DCL-01,17,18,1,17,5.8,0.3,556.0,31.0,1.0588,0.0556,2.931,Cần kiểm tra,
SX-20260314-DC-CSV-01,2026-03-14,Chống sét van,220,DC-CSV-01,29,24,0,24,6.0,1.9,370.0,18.2,0.8276,0.0,4.0,Dưới kế hoạch,
SX-20260314-DC-BI-01,2026-03-14,Biến dòng điện,500,DC-BI-01,14,14,0,14,4.6,1.8,352.0,15.0,1.0,0.0,3.0435,Đạt,
SX-20260314-DC-BU-01,2026-03-14,Biến điện áp,110,DC-BU-01,22,23,0,23,6.2,1.5,707.0,27.9,1.0455,0.0,3.7097,Đạt,
SX-20260315-DC-MBA-01,2026-03-15,Máy biến áp lực,500,DC-MBA-01,2,2,0,2,3.3,0.5,517.0,10.9,1.0,0.0,0.6061,Đạt,
SX-20260315-DC-MC-01,2026-03-15,Máy cắt cao áp,110,DC-MC-01,8,8,0,8,3.2,1.3,476.0,19.2,1.0,0.0,2.5,Đạt,
SX-20260315-DC-DCL-01,2026-03-15,Dao cách ly,220,DC-DCL-01,9,10,0,10,3.0,0.1,344.0,15.9,1.1111,0.0,3.3333,Đạt,
SX-20260315-DC-CSV-01,2026-03-15,Chống sét van,500,DC-CSV-01,13,14,1,13,3.7,0.7,233.0,10.6,1.0769,0.0714,3.5135,Cần kiểm tra,
SX-20260315-DC-BI-01,2026-03-15,Biến dòng điện,110,DC-BI-01,19,18,1,17,3.6,0.3,410.0,18.5,0.9474,0.0556,4.7222,Cần kiểm tra,
SX-20260315-DC-BU-01,2026-03-15,Biến điện áp,220,DC-BU-01,12,10,0,10,4.1,2.3,307.0,12.8,0.8333,0.0,2.439,Dưới kế hoạch,
SX-20260316-DC-MBA-01,2026-03-16,Máy biến áp lực,110,DC-MBA-01,6,5,0,5,7.4,1.8,1229.0,27.9,0.8333,0.0,0.6757,Dưới kế hoạch,
SX-20260316-DC-MC-01,2026-03-16,Máy cắt cao áp,220,DC-MC-01,15,16,0,16,8.7,1.5,1008.0,40.7,1.0667,0.0,1.8391,Đạt,
SX-20260316-DC-DCL-01,2026-03-16,Dao cách ly,500,DC-DCL-01,16,14,1,13,7.6,2.4,478.0,21.9,0.875,0.0714,1.7105,Cần kiểm tra,
SX-20260316-DC-CSV-01,2026-03-16,Chống sét van,110,DC-CSV-01,59,60,1,59,9.3,0.9,944.0,48.1,1.0169,0.0167,6.3441,Đạt,
SX-20260316-DC-BI-01,2026-03-16,Biến dòng điện,220,DC-BI-01,32,29,1,28,8.4,1.3,619.0,32.5,0.9062,0.0345,3.3333,Cần kiểm tra,
SX-20260316-DC-BU-01,2026-03-16,Biến điện áp,500,DC-BU-01,20,19,1,18,7.9,0.2,531.0,24.8,0.95,0.0526,2.2785,Cần kiểm tra,
SX-20260317-DC-MBA-01,2026-03-17,Máy biến áp lực,220,DC-MBA-01,6,6,0,6,9.6,1.3,1381.0,33.7,1.0,0.0,0.625,Đạt,
SX-20260317-DC-MC-01,2026-03-17,Máy cắt cao áp,500,DC-MC-01,11,10,0,10,8.2,1.6,602.0,24.5,0.9091,0.0,1.2195,Đạt,
SX-20260317-DC-DCL-01,2026-03-17,Dao cách ly,110,DC-DCL-01,25,28,1,27,8.5,1.4,1021.0,47.8,1.12,0.0357,3.1765,Cần kiểm tra,
SX-20260317-DC-CSV-01,2026-03-17,Chống sét van,220,DC-CSV-01,43,39,1,38,8.0,1.4,638.0,32.6,0.907,0.0256,4.75,Đạt,
SX-20260317-DC-BI-01,2026-03-17,Biến dòng điện,500,DC-BI-01,22,21,0,21,7.1,1.3,456.0,23.4,0.9545,0.0,2.9577,Đạt,
SX-20260317-DC-BU-01,2026-03-17,Biến điện áp,110,DC-BU-01,36,40,1,39,8.0,1.7,1141.0,53.8,1.1111,0.025,4.875,Đạt,
SX-20260318-DC-MBA-01,2026-03-18,Máy biến áp lực,500,DC-MBA-01,4,4,0,4,7.4,0.8,894.0,22.9,1.0,0.0,0.5405,Đạt,
SX-20260318-DC-MC-01,2026-03-18,Máy cắt cao áp,110,DC-MC-01,21,22,0,22,8.7,1.6,1310.0,51.0,1.0476,0.0,2.5287,Đạt,
SX-20260318-DC-DCL-01,2026-03-18,Dao cách ly,220,DC-DCL-01,21,21,1,20,7.9,0.1,755.0,34.6,1.0,0.0476,2.5316,Cần kiểm tra,
SX-20260318-DC-CSV-01,2026-03-18,Chống sét van,500,DC-CSV-01,33,32,1,31,9.2,0.9,483.0,23.6,0.9697,0.0312,3.3696,Cần kiểm tra,
SX-20260318-DC-BI-01,2026-03-18,Biến dòng điện,110,DC-BI-01,40,42,1,41,8.9,0.5,1003.0,47.1,1.05,0.0238,4.6067,Đạt,
SX-20260318-DC-BU-01,2026-03-18,Biến điện áp,220,DC-BU-01,28,27,0,27,7.5,0.6,757.0,34.2,0.9643,0.0,3.6,Đạt,
SX-20260319-DC-MBA-01,2026-03-19,Máy biến áp lực,110,DC-MBA-01,6,5,0,5,8.0,1.9,1207.0,26.9,0.8333,0.0,0.625,Dưới kế hoạch,
SX-20260319-DC-MC-01,2026-03-19,Máy cắt cao áp,220,DC-MC-01,17,18,1,17,7.4,1.1,1014.0,40.9,1.0588,0.0556,2.2973,Cần kiểm tra,
SX-20260319-DC-DCL-01,2026-03-19,Dao cách ly,500,DC-DCL-01,16,16,1,15,8.5,0.7,597.0,27.5,1.0,0.0625,1.7647,Cần kiểm tra,
SX-20260319-DC-CSV-01,2026-03-19,Chống sét van,110,DC-CSV-01,54,48,1,47,8.4,1.5,757.0,36.3,0.8889,0.0208,5.5952,Dưới kế hoạch,
SX-20260319-DC-BI-01,2026-03-19,Biến dòng điện,220,DC-BI-01,36,39,1,38,9.8,1.0,839.0,44.6,1.0833,0.0256,3.8776,Đạt,
SX-20260319-DC-BU-01,2026-03-19,Biến điện áp,500,DC-BU-01,21,22,1,21,7.8,0.4,641.0,26.5,1.0476,0.0455,2.6923,Cần kiểm tra,
SX-20260320-DC-MBA-01,2026-03-20,Máy biến áp lực,220,DC-MBA-01,6,6,0,6,7.4,1.1,1424.0,36.5,1.0,0.0,0.8108,Đạt,
SX-20260320-DC-MC-01,2026-03-20,Máy cắt cao áp,500,DC-MC-01,11,12,0,12,9.6,1.3,757.0,26.8,1.0909,0.0,1.25,Đạt,
SX-20260320-DC-DCL-01,2026-03-20,Dao cách ly,110,DC-DCL-01,27,26,1,25,9.9,0.2,814.0,41.9,0.963,0.0385,2.5253,Cần kiểm tra,
SX-20260320-DC-CSV-01,2026-03-20,Chống sét van,220,DC-CSV-01,45,50,1,49,7.8,1.1,725.0,37.7,1.1111,0.02,6.2821,Đạt,
SX-20260320-DC-BI-01,2026-03-20,Biến dòng điện,500,DC-BI-01,25,24,0,24,9.8,1.4,523.0,24.8,0.96,0.0,2.449,Đạt,
SX-20260320-DC-BU-01,2026-03-20,Biến điện áp,110,DC-BU-01,32,27,0,27,10.0,2.3,726.0,35.9,0.8438,0.0,2.7,Dưới kế hoạch,
SX-20260321-DC-MBA-01,2026-03-21,Máy biến áp lực,500,DC-MBA-01,3,3,0,3,5.6,0.3,756.0,17.6,1.0,0.0,0.5357,Đạt,
SX-20260321-DC-MC-01,2026-03-21,Máy cắt cao áp,110,DC-MC-01,13,13,0,13,5.0,0.2,769.0,32.1,1.0,0.0,2.6,Đạt,
SX-20260321-DC-DCL-01,2026-03-21,Dao cách ly,220,DC-DCL-01,13,13,1,12,6.2,1.5,441.0,20.8,1.0,0.0769,1.9355,Cần kiểm tra,
SX-20260321-DC-CSV-01,2026-03-21,Chống sét van,500,DC-CSV-01,21,20,1,19,4.8,0.2,346.0,16.7,0.9524,0.05,3.9583,Cần kiểm tra,
SX-20260321-DC-BI-01,2026-03-21,Biến dòng điện,110,DC-BI-01,25,21,1,20,5.5,2.0,461.0,21.6,0.84,0.0476,3.6364,Cần kiểm tra,
SX-20260321-DC-BU-01,2026-03-21,Biến điện áp,220,DC-BU-01,18,19,1,18,4.5,1.0,605.0,23.0,1.0556,0.0526,4.0,Cần kiểm tra,
SX-20260322-DC-MBA-01,2026-03-22,Máy biến áp lực,110,DC-MBA-01,3,3,0,3,3.4,1.5,790.0,17.3,1.0,0.0,0.8824,Đạt,
SX-20260322-DC-MC-01,2026-03-22,Máy cắt cao áp,220,DC-MC-01,7,7,0,7,3.2,0.5,413.0,17.7,1.0,0.0,2.1875,Đạt,
SX-20260322-DC-DCL-01,2026-03-22,Dao cách ly,500,DC-DCL-01,6,6,0,6,3.0,0.1,204.0,10.1,1.0,0.0,2.0,Đạt,
SX-20260322-DC-CSV-01,2026-03-22,Chống sét van,110,DC-CSV-01,24,26,0,26,3.8,0.5,402.0,22.4,1.0833,0.0,6.8421,Đạt,
SX-20260322-DC-BI-01,2026-03-22,Biến dòng điện,220,DC-BI-01,14,13,0,13,3.1,0.9,288.0,14.7,0.9286,0.0,4.1935,Đạt,
SX-20260322-DC-BU-01,2026-03-22,Biến điện áp,500,DC-BU-01,8,8,0,8,3.0,1.2,236.0,10.9,1.0,0.0,2.6667,Đạt,
SX-20260323-DC-MBA-01,2026-03-23,Máy biến áp lực,220,DC-MBA-01,5,6,0,6,8.7,1.7,1460.0,35.2,1.2,0.0,0.6897,Đạt,
SX-20260323-DC-MC-01,2026-03-23,Máy cắt cao áp,500,DC-MC-01,11,10,0,10,7.4,0.7,636.0,25.6,0.9091,0.0,1.3514,Đạt,
SX-20260323-DC-DCL-01,2026-03-23,Dao cách ly,110,DC-DCL-01,25,23,1,22,9.8,1.4,782.0,41.3,0.92,0.0435,2.2449,Cần kiểm tra,
SX-20260323-DC-CSV-01,2026-03-23,Chống sét van,220,DC-CSV-01,50,43,1,42,7.9,0.9,730.0,35.0,0.86,0.0233,5.3165,Dưới kế hoạch,
SX-20260323-DC-BI-01,2026-03-23,Biến dòng điện,500,DC-BI-01,23,25,1,24,8.9,0.9,620.0,28.6,1.087,0.04,2.6966,Cần kiểm tra,
SX-20260323-DC-BU-01,2026-03-23,Biến điện áp,110,DC-BU-01,35,35,0,35,9.6,1.7,973.0,42.6,1.0,0.0,3.6458,Đạt,
SX-20260324-DC-MBA-01,2026-03-24,Máy biến áp lực,500,DC-MBA-01,4,4,0,4,9.9,1.7,952.0,21.5,1.0,0.0,0.404,Đạt,
SX-20260324-DC-MC-01,2026-03-24,Máy cắt cao áp,110,DC-MC-01,18,16,0,16,10.0,1.8,840.0,37.4,0.8889,0.0,1.6,Dưới kế hoạch,
SX-20260324-DC-DCL-01,2026-03-24,Dao cách ly,220,DC-DCL-01,22,24,1,23,8.0,0.7,838.0,42.6,1.0909,0.0417,2.875,Cần kiểm tra,
SX-20260324-DC-CSV-01,2026-03-24,Chống sét van,500,DC-CSV-01,32,29,1,28,10.1,0.7,482.0,23.4,0.9062,0.0345,2.7723,Cần kiểm tra,
SX-20260324-DC-BI-01,2026-03-24,Biến dòng điện,110,DC-BI-01,39,41,2,39,8.3,0.8,1022.0,41.9,1.0513,0.0488,4.6988,Cần kiểm tra,
SX-20260324-DC-BU-01,2026-03-24,Biến điện áp,220,DC-BU-01,27,23,1,22,7.8,1.6,608.0,31.4,0.8519,0.0435,2.8205,Cần kiểm tra,
SX-20260325-DC-MBA-01,2026-03-25,Máy biến áp lực,110,DC-MBA-01,6,6,0,6,9.9,1.4,1520.0,36.5,1.0,0.0,0.6061,Đạt,
SX-20260325-DC-MC-01,2026-03-25,Máy cắt cao áp,220,DC-MC-01,15,16,1,15,8.8,0.2,940.0,38.5,1.0667,0.0625,1.7045,Cần kiểm tra,
SX-20260325-DC-DCL-01,2026-03-25,Dao cách ly,500,DC-DCL-01,15,14,0,14,8.8,0.8,466.0,23.1,0.9333,0.0,1.5909,Đạt,
SX-20260325-DC-CSV-01,2026-03-25,Chống sét van,110,DC-CSV-01,56,61,1,60,8.5,1.7,909.0,51.6,1.0893,0.0164,7.0588,Đạt,
SX-20260325-DC-BI-01,2026-03-25,Biến dòng điện,220,DC-BI-01,32,28,1,27,8.8,2.1,616.0,33.2,0.875,0.0357,3.0682,Cần kiểm tra,
SX-20260325-DC-BU-01,2026-03-25,Biến điện áp,500,DC-BU-01,22,21,0,21,7.4,1.3,617.0,26.6,0.9545,0.0,2.8378,Đạt,
SX-20260326-DC-MBA-01,2026-03-26,Máy biến áp lực,220,DC-MBA-01,5,5,0,5,10.1,1.5,1196.0,30.9,1.0,0.0,0.495,Đạt,
SX-20260326-DC-MC-01,2026-03-26,Máy cắt cao áp,500,DC-MC-01,11,11,0,11,9.6,0.2,643.0,25.0,1.0,0.0,1.1458,Đạt,
SX-20260326-DC-DCL-01,2026-03-26,Dao cách ly,110,DC-DCL-01,26,26,0,26,8.6,1.2,916.0,44.8,1.0,0.0,3.0233,Đạt,
SX-20260326-DC-CSV-01,2026-03-26,Chống sét van,220,DC-CSV-01,48,47,1,46,7.3,0.6,816.0,38.6,0.9792,0.0213,6.3014,Đạt,
SX-20260326-DC-BI-01,2026-03-26,Biến dòng điện,500,DC-BI-01,23,20,0,20,8.3,1.9,429.0,21.5,0.8696,0.0,2.4096,Dưới kế hoạch,
SX-20260326-DC-BU-01,2026-03-26,Biến điện áp,110,DC-BU-01,35,35,1,34,8.9,1.1,1020.0,49.1,1.0,0.0286,3.8202,Đạt,
SX-20260327-DC-MBA-01,2026-03-27,Máy biến áp lực,500,DC-MBA-01,4,4,0,4,7.7,1.6,910.0,23.1,1.0,0.0,0.5195,Đạt,
SX-20260327-DC-MC-01,2026-03-27,Máy cắt cao áp,110,DC-MC-01,20,22,1,21,8.7,1.1,1401.0,56.2,1.1,0.0455,2.4138,Cần kiểm tra,
SX-20260327-DC-DCL-01,2026-03-27,Dao cách ly,220,DC-DCL-01,22,24,1,23,8.4,1.8,738.0,43.4,1.0909,0.0417,2.7381,Cần kiểm tra,
SX-20260327-DC-CSV-01,2026-03-27,Chống sét van,500,DC-CSV-01,33,34,2,32,10.2,1.0,588.0,27.8,1.0303,0.0588,3.1373,Cần kiểm tra,
SX-20260327-DC-BI-01,2026-03-27,Biến dòng điện,110,DC-BI-01,43,40,2,38,8.2,0.4,974.0,46.3,0.9302,0.05,4.6341,Cần kiểm tra,
SX-20260327-DC-BU-01,2026-03-27,Biến điện áp,220,DC-BU-01,30,25,1,24,9.1,1.5,695.0,31.6,0.8333,0.04,2.6374,Cần kiểm tra,
SX-20260328-DC-MBA-01,2026-03-28,Máy biến áp lực,110,DC-MBA-01,4,4,0,4,4.8,0.1,982.0,24.1,1.0,0.0,0.8333,Đạt,
SX-20260328-DC-MC-01,2026-03-28,Máy cắt cao áp,220,DC-MC-01,9,8,0,8,5.1,2.0,462.0,17.7,0.8889,0.0,1.5686,Dưới kế hoạch,
SX-20260328-DC-DCL-01,2026-03-28,Dao cách ly,500,DC-DCL-01,10,11,0,11,6.0,0.6,361.0,17.5,1.1,0.0,1.8333,Đạt,
SX-20260328-DC-CSV-01,2026-03-28,Chống sét van,110,DC-CSV-01,36,39,1,38,5.3,0.3,665.0,29.1,1.0833,0.0256,7.1698,Đạt,
SX-20260328-DC-BI-01,2026-03-28,Biến dòng điện,220,DC-BI-01,23,25,0,25,4.6,0.8,570.0,28.8,1.087,0.0,5.4348,Đạt,
SX-20260328-DC-BU-01,2026-03-28,Biến điện áp,500,DC-BU-01,13,13,0,13,4.5,0.6,378.0,17.5,1.0,0.0,2.8889,Đạt,
SX-20260329-DC-MBA-01,2026-03-29,Máy biến áp lực,220,DC-MBA-01,2,2,0,2,3.8,1.7,513.0,12.0,1.0,0.0,0.5263,Đạt,
SX-20260329-DC-MC-01,2026-03-29,Máy cắt cao áp,500,DC-MC-01,5,5,0,5,3.5,1.7,277.0,12.1,1.0,0.0,1.4286,Đạt,
SX-20260329-DC-DCL-01,2026-03-29,Dao cách ly,110,DC-DCL-01,11,11,0,11,3.4,0.3,346.0,19.1,1.0,0.0,3.2353,Đạt,
SX-20260329-DC-CSV-01,2026-03-29,Chống sét van,220,DC-CSV-01,21,23,1,22,4.1,0.2,378.0,17.2,1.0952,0.0435,5.3659,Cần kiểm tra,
SX-20260329-DC-BI-01,2026-03-29,Biến dòng điện,500,DC-BI-01,10,11,1,10,3.0,0.7,272.0,11.3,1.1,0.0909,3.3333,Cần kiểm tra,
SX-20260329-DC-BU-01,2026-03-29,Biến điện áp,110,DC-BU-01,16,17,0,17,4.2,0.8,468.0,20.6,1.0625,0.0,4.0476,Đạt,
SX-20260330-DC-MBA-01,2026-03-30,Máy biến áp lực,500,DC-MBA-01,4,4,0,4,9.4,1.1,1053.0,21.5,1.0,0.0,0.4255,Đạt,
SX-20260330-DC-MC-01,2026-03-30,Máy cắt cao áp,110,DC-MC-01,20,19,1,18,9.7,1.8,1003.0,44.5,0.95,0.0526,1.8557,Cần kiểm tra,
SX-20260330-DC-DCL-01,2026-03-30,Dao cách ly,220,DC-DCL-01,23,23,0,23,7.1,0.6,721.0,41.2,1.0,0.0,3.2394,Đạt,
SX-20260330-DC-CSV-01,2026-03-30,Chống sét van,500,DC-CSV-01,34,29,1,28,10.1,1.2,475.0,21.6,0.8529,0.0345,2.7723,Cần kiểm tra,
SX-20260330-DC-BI-01,2026-03-30,Biến dòng điện,110,DC-BI-01,45,50,1,49,9.1,0.3,1074.0,51.8,1.1111,0.02,5.3846,Đạt,
SX-20260330-DC-BU-01,2026-03-30,Biến điện áp,220,DC-BU-01,27,23,1,22,9.2,1.0,671.0,29.8,0.8519,0.0435,2.3913,Cần kiểm tra,
SX-20260331-DC-MBA-01,2026-03-31,Máy biến áp lực,110,DC-MBA-01,6,6,0,6,9.3,1.6,1297.0,36.9,1.0,0.0,0.6452,Đạt,
SX-20260331-DC-MC-01,2026-03-31,Máy cắt cao áp,220,DC-MC-01,16,15,0,15,8.4,0.7,852.0,37.1,0.9375,0.0,1.7857,Đạt,
SX-20260331-DC-DCL-01,2026-03-31,Dao cách ly,500,DC-DCL-01,16,15,1,14,8.6,1.3,557.0,23.6,0.9375,0.0667,1.6279,Cần kiểm tra,
SX-20260331-DC-CSV-01,2026-03-31,Chống sét van,110,DC-CSV-01,53,48,1,47,7.9,1.6,743.0,40.4,0.9057,0.0208,5.9494,Đạt,
SX-20260331-DC-BI-01,2026-03-31,Biến dòng điện,220,DC-BI-01,36,31,1,30,9.2,2.1,738.0,31.9,0.8611,0.0323,3.2609,Cần kiểm tra,
SX-20260331-DC-BU-01,2026-03-31,Biến điện áp,500,DC-BU-01,21,23,0,23,9.0,1.8,734.0,28.2,1.0952,0.0,2.5556,Đạt,
SX-20260401-DC-MBA-01,2026-04-01,Máy biến áp lực,220,DC-MBA-01,6,6,0,6,9.0,1.1,1504.0,33.0,1.0,0.0,0.6667,Đạt,
SX-20260401-DC-MC-01,2026-04-01,Máy cắt cao áp,500,DC-MC-01,12,11,0,11,10.2,1.8,700.0,26.0,0.9167,0.0,1.0784,Đạt,
SX-20260401-DC-DCL-01,2026-04-01,Dao cách ly,110,DC-DCL-01,26,27,1,26,7.9,1.5,855.0,43.0,1.0385,0.037,3.2911,Cần kiểm tra,
SX-20260401-DC-CSV-01,2026-04-01,Chống sét van,220,DC-CSV-01,46,39,1,38,7.9,2.0,650.0,30.2,0.8478,0.0256,4.8101,Dưới kế hoạch,
SX-20260401-DC-BI-01,2026-04-01,Biến dòng điện,500,DC-BI-01,26,25,0,25,8.7,1.7,601.0,25.6,0.9615,0.0,2.8736,Đạt,
SX-20260401-DC-BU-01,2026-04-01,Biến điện áp,110,DC-BU-01,36,33,1,32,7.1,1.6,953.0,45.4,0.9167,0.0303,4.507,Cần kiểm tra,
SX-20260402-DC-MBA-01,2026-04-02,Máy biến áp lực,500,DC-MBA-01,4,4,0,4,10.0,1.3,894.0,21.6,1.0,0.0,0.4,Đạt,
SX-20260402-DC-MC-01,2026-04-02,Máy cắt cao áp,110,DC-MC-01,22,24,0,24,7.1,1.1,1515.0,53.8,1.0909,0.0,3.3803,Đạt,
SX-20260402-DC-DCL-01,2026-04-02,Dao cách ly,220,DC-DCL-01,24,21,1,20,8.7,2.3,739.0,33.6,0.875,0.0476,2.2989,Cần kiểm tra,
SX-20260402-DC-CSV-01,2026-04-02,Chống sét van,500,DC-CSV-01,37,35,1,34,9.1,1.5,510.0,28.8,0.9459,0.0286,3.7363,Đạt,
SX-20260402-DC-BI-01,2026-04-02,Biến dòng điện,110,DC-BI-01,43,39,2,37,7.5,0.7,976.0,42.5,0.907,0.0513,4.9333,Cần kiểm tra,
SX-20260402-DC-BU-01,2026-04-02,Biến điện áp,220,DC-BU-01,30,30,1,29,9.7,1.1,873.0,38.9,1.0,0.0333,2.9897,Cần kiểm tra,
SX-20260403-DC-MBA-01,2026-04-03,Máy biến áp lực,110,DC-MBA-01,8,7,0,7,7.8,2.0,1709.0,41.7,0.875,0.0,0.8974,Dưới kế hoạch,
SX-20260403-DC-MC-01,2026-04-03,Máy cắt cao áp,220,DC-MC-01,18,19,0,19,7.5,0.4,1057.0,48.4,1.0556,0.0,2.5333,Đạt,
SX-20260403-DC-DCL-01,2026-04-03,Dao cách ly,500,DC-DCL-01,16,16,0,16,9.9,0.3,550.0,25.5,1.0,0.0,1.6162,Đạt,
SX-20260403-DC-CSV-01,2026-04-03,Chống sét van,110,DC-CSV-01,63,64,2,62,7.8,1.3,992.0,50.5,1.0159,0.0312,7.9487,Cần kiểm tra,
SX-20260403-DC-BI-01,2026-04-03,Biến dòng điện,220,DC-BI-01,38,37,1,36,7.7,1.3,844.0,41.6,0.9737,0.027,4.6753,Đạt,
SX-20260403-DC-BU-01,2026-04-03,Biến điện áp,500,DC-BU-01,23,22,0,22,8.5,1.2,673.0,28.7,0.9565,0.0,2.5882,Đạt,
SX-20260404-DC-MBA-01,2026-04-04,Máy biến áp lực,220,DC-MBA-01,4,4,0,4,5.2,1.2,1007.0,21.8,1.0,0.0,0.7692,Đạt,
SX-20260404-DC-MC-01,2026-04-04,Máy cắt cao áp,500,DC-MC-01,8,7,0,7,4.9,2.2,372.0,16.1,0.875,0.0,1.4286,Dưới kế hoạch,
SX-20260404-DC-DCL-01,2026-04-04,Dao cách ly,110,DC-DCL-01,16,16,1,15,5.5,1.3,544.0,28.7,1.0,0.0625,2.7273,Cần kiểm tra,
SX-20260404-DC-CSV-01,2026-04-04,Chống sét van,220,DC-CSV-01,32,29,0,29,4.7,0.9,491.0,24.3,0.9062,0.0,6.1702,Đạt,
SX-20260404-DC-BI-01,2026-04-04,Biến dòng điện,500,DC-BI-01,16,15,1,14,4.6,1.5,327.0,17.7,0.9375,0.0667,3.0435,Cần kiểm tra,
SX-20260404-DC-BU-01,2026-04-04,Biến điện áp,110,DC-BU-01,23,22,1,21,4.9,1.7,613.0,26.5,0.9565,0.0455,4.2857,Cần kiểm tra,
SX-20260405-DC-MBA-01,2026-04-05,Máy biến áp lực,500,DC-MBA-01,2,2,0,2,3.9,1.7,514.0,11.4,1.0,0.0,0.5128,Đạt,
SX-20260405-DC-MC-01,2026-04-05,Máy cắt cao áp,110,DC-MC-01,9,9,0,9,3.2,0.3,487.0,22.2,1.0,0.0,2.8125,Đạt,
SX-20260405-DC-DCL-01,2026-04-05,Dao cách ly,220,DC-DCL-01,10,9,0,9,3.3,1.2,315.0,16.3,0.9,0.0,2.7273,Đạt,
SX-20260405-DC-CSV-01,2026-04-05,Chống sét van,500,DC-CSV-01,15,15,1,14,3.0,0.3,219.0,11.1,1.0,0.0667,4.6667,Cần kiểm tra,
SX-20260405-DC-BI-01,2026-04-05,Biến dòng điện,110,DC-BI-01,20,18,0,18,3.0,0.5,434.0,20.8,0.9,0.0,6.0,Đạt,
SX-20260405-DC-BU-01,2026-04-05,Biến điện áp,220,DC-BU-01,14,13,0,13,2.9,1.3,408.0,16.5,0.9286,0.0,4.4828,Đạt,
SX-20260406-DC-MBA-01,2026-04-06,Máy biến áp lực,110,DC-MBA-01,7,6,0,6,9.4,1.4,1580.0,37.4,0.8571,0.0,0.6383,Dưới kế hoạch,
SX-20260406-DC-MC-01,2026-04-06,Máy cắt cao áp,220,DC-MC-01,17,14,0,14,9.7,1.5,789.0,31.6,0.8235,0.0,1.4433,Dưới kế hoạch,
SX-20260406-DC-DCL-01,2026-04-06,Dao cách ly,500,DC-DCL-01,15,14,0,14,8.0,0.8,520.0,23.5,0.9333,0.0,1.75,Đạt,
SX-20260406-DC-CSV-01,2026-04-06,Chống sét van,110,DC-CSV-01,60,59,2,57,9.9,1.6,944.0,48.1,0.9833,0.0339,5.7576,Cần kiểm tra,
SX-20260406-DC-BI-01,2026-04-06,Biến dòng điện,220,DC-BI-01,36,33,1,32,9.7,1.2,791.0,35.1,0.9167,0.0303,3.299,Cần kiểm tra,
SX-20260406-DC-BU-01,2026-04-06,Biến điện áp,500,DC-BU-01,22,21,1,20,9.7,1.3,617.0,26.1,0.9545,0.0476,2.0619,Cần kiểm tra,
SX-20260407-DC-MBA-01,2026-04-07,Máy biến áp lực,220,DC-MBA-01,6,6,0,6,7.9,0.3,1461.0,34.0,1.0,0.0,0.7595,Đạt,
SX-20260407-DC-MC-01,2026-04-07,Máy cắt cao áp,500,DC-MC-01,12,11,0,11,7.6,1.2,607.0,26.7,0.9167,0.0,1.4474,Đạt,
SX-20260407-DC-DCL-01,2026-04-07,Dao cách ly,110,DC-DCL-01,29,27,1,26,7.5,0.3,972.0,46.7,0.931,0.037,3.4667,Cần kiểm tra,
SX-20260407-DC-CSV-01,2026-04-07,Chống sét van,220,DC-CSV-01,49,50,2,48,9.3,0.2,739.0,37.9,1.0204,0.04,5.1613,Cần kiểm tra,
SX-20260407-DC-BI-01,2026-04-07,Biến dòng điện,500,DC-BI-01,25,25,1,24,7.0,0.6,520.0,28.7,1.0,0.04,3.4286,Cần kiểm tra,
SX-20260407-DC-BU-01,2026-04-07,Biến điện áp,110,DC-BU-01,40,34,1,33,9.7,1.3,942.0,43.8,0.85,0.0294,3.4021,Dưới kế hoạch,
SX-20260408-DC-MBA-01,2026-04-08,Máy biến áp lực,500,DC-MBA-01,4,3,0,3,9.5,0.9,738.0,16.9,0.75,0.0,0.3158,Dưới kế hoạch,
SX-20260408-DC-MC-01,2026-04-08,Máy cắt cao áp,110,DC-MC-01,22,19,1,18,9.7,0.9,1048.0,44.6,0.8636,0.0526,1.8557,Cần kiểm tra,
SX-20260408-DC-DCL-01,2026-04-08,Dao cách ly,220,DC-DCL-01,24,25,0,25,8.7,1.6,803.0,42.0,1.0417,0.0,2.8736,Đạt,
SX-20260408-DC-CSV-01,2026-04-08,Chống sét van,500,DC-CSV-01,36,34,1,33,9.2,1.4,568.0,28.6,0.9444,0.0294,3.587,Đạt,
SX-20260408-DC-BI-01,2026-04-08,Biến dòng điện,110,DC-BI-01,44,49,1,48,7.6,1.1,1076.0,49.7,1.1136,0.0204,6.3158,Đạt,
SX-20260408-DC-BU-01,2026-04-08,Biến điện áp,220,DC-BU-01,31,33,2,31,7.9,0.4,943.0,39.9,1.0645,0.0606,3.9241,Cần kiểm tra,
SX-20260409-DC-MBA-01,2026-04-09,Máy biến áp lực,110,DC-MBA-01,8,7,0,7,9.4,1.7,1612.0,39.1,0.875,0.0,0.7447,Dưới kế hoạch,
SX-20260409-DC-MC-01,2026-04-09,Máy cắt cao áp,220,DC-MC-01,16,14,0,14,8.1,1.6,785.0,31.0,0.875,0.0,1.7284,Dưới kế hoạch,
SX-20260409-DC-DCL-01,2026-04-09,Dao cách ly,500,DC-DCL-01,17,19,1,18,8.8,1.5,586.0,34.7,1.1176,0.0526,2.0455,Cần kiểm tra,
SX-20260409-DC-CSV-01,2026-04-09,Chống sét van,110,DC-CSV-01,66,65,1,64,7.1,0.8,1026.0,50.1,0.9848,0.0154,9.0141,Đạt,
SX-20260409-DC-BI-01,2026-04-09,Biến dòng điện,220,DC-BI-01,39,37,0,37,8.0,1.3,864.0,38.6,0.9487,0.0,4.625,Đạt,
SX-20260409-DC-BU-01,2026-04-09,Biến điện áp,500,DC-BU-01,23,23,1,22,7.9,1.7,646.0,29.2,1.0,0.0435,2.7848,Cần kiểm tra,
SX-20260410-DC-MBA-01,2026-04-10,Máy biến áp lực,220,DC-MBA-01,6,5,0,5,7.3,1.3,1246.0,30.3,0.8333,0.0,0.6849,Dưới kế hoạch,
SX-20260410-DC-MC-01,2026-04-10,Máy cắt cao áp,500,DC-MC-01,12,11,0,11,7.8,0.4,587.0,27.9,0.9167,0.0,1.4103,Đạt,
SX-20260410-DC-DCL-01,2026-04-10,Dao cách ly,110,DC-DCL-01,31,27,0,27,7.0,1.6,855.0,46.9,0.871,0.0,3.8571,Dưới kế hoạch,
SX-20260410-DC-CSV-01,2026-04-10,Chống sét van,220,DC-CSV-01,52,50,1,49,8.4,0.5,766.0,37.5,0.9615,0.02,5.8333,Đạt,
SX-20260410-DC-BI-01,2026-04-10,Biến dòng điện,500,DC-BI-01,25,23,1,22,8.9,1.0,539.0,26.6,0.92,0.0435,2.4719,Cần kiểm tra,
SX-20260410-DC-BU-01,2026-04-10,Biến điện áp,110,DC-BU-01,35,37,1,36,7.4,0.5,975.0,47.4,1.0571,0.027,4.8649,Đạt,
SX-20260411-DC-MBA-01,2026-04-11,Máy biến áp lực,500,DC-MBA-01,3,3,0,3,5.9,0.1,727.0,16.1,1.0,0.0,0.5085,Đạt,
SX-20260411-DC-MC-01,2026-04-11,Máy cắt cao áp,110,DC-MC-01,13,14,0,14,4.5,1.5,802.0,35.7,1.0769,0.0,3.1111,Đạt,
SX-20260411-DC-DCL-01,2026-04-11,Dao cách ly,220,DC-DCL-01,14,15,0,15,5.6,0.4,474.0,24.3,1.0714,0.0,2.6786,Đạt,
SX-20260411-DC-CSV-01,2026-04-11,Chống sét van,500,DC-CSV-01,22,22,1,21,5.9,0.4,338.0,16.7,1.0,0.0455,3.5593,Cần kiểm tra,
SX-20260411-DC-BI-01,2026-04-11,Biến dòng điện,110,DC-BI-01,27,24,1,23,5.1,1.0,513.0,27.9,0.8889,0.0417,4.5098,Cần kiểm tra,
SX-20260411-DC-BU-01,2026-04-11,Biến điện áp,220,DC-BU-01,18,16,0,16,4.6,2.3,472.0,20.7,0.8889,0.0,3.4783,Dưới kế hoạch,
SX-20260412-DC-MBA-01,2026-04-12,Máy biến áp lực,110,DC-MBA-01,3,3,0,3,3.6,1.5,668.0,16.7,1.0,0.0,0.8333,Đạt,
SX-20260412-DC-MC-01,2026-04-12,Máy cắt cao áp,220,DC-MC-01,7,7,0,7,3.8,0.4,391.0,16.4,1.0,0.0,1.8421,Đạt,
SX-20260412-DC-DCL-01,2026-04-12,Dao cách ly,500,DC-DCL-01,6,5,0,5,3.5,2.0,171.0,9.0,0.8333,0.0,1.4286,Dưới kế hoạch,
SX-20260412-DC-CSV-01,2026-04-12,Chống sét van,110,DC-CSV-01,24,25,1,24,3.0,1.0,433.0,18.9,1.0417,0.04,8.0,Cần kiểm tra,
SX-20260412-DC-BI-01,2026-04-12,Biến dòng điện,220,DC-BI-01,15,16,1,15,4.3,0.8,377.0,17.5,1.0667,0.0625,3.4884,Cần kiểm tra,
SX-20260412-DC-BU-01,2026-04-12,Biến điện áp,500,DC-BU-01,10,9,0,9,3.3,1.0,256.0,11.4,0.9,0.0,2.7273,Đạt,
SX-20260413-DC-MBA-01,2026-04-13,Máy biến áp lực,220,DC-MBA-01,6,6,0,6,9.4,1.3,1560.0,36.6,1.0,0.0,0.6383,Đạt,
SX-20260413-DC-MC-01,2026-04-13,Máy cắt cao áp,500,DC-MC-01,13,13,0,13,8.6,1.6,808.0,29.2,1.0,0.0,1.5116,Đạt,
SX-20260413-DC-DCL-01,2026-04-13,Dao cách ly,110,DC-DCL-01,27,26,1,25,9.1,0.6,868.0,41.3,0.963,0.0385,2.7473,Cần kiểm tra,
SX-20260413-DC-CSV-01,2026-04-13,Chống sét van,220,DC-CSV-01,50,42,2,40,9.2,0.8,635.0,32.3,0.84,0.0476,4.3478,Cần kiểm tra,
SX-20260413-DC-BI-01,2026-04-13,Biến dòng điện,500,DC-BI-01,28,31,2,29,9.6,0.2,771.0,31.8,1.1071,0.0645,3.0208,Cần kiểm tra,
SX-20260413-DC-BU-01,2026-04-13,Biến điện áp,110,DC-BU-01,39,34,1,33,9.5,0.8,948.0,45.3,0.8718,0.0294,3.4737,Dưới kế hoạch,
SX-20260414-DC-MBA-01,2026-04-14,Máy biến áp lực,500,DC-MBA-01,4,4,0,4,9.8,1.6,1001.0,23.0,1.0,0.0,0.4082,Đạt,
SX-20260414-DC-MC-01,2026-04-14,Máy cắt cao áp,110,DC-MC-01,21,20,1,19,8.7,1.1,1238.0,46.9,0.9524,0.05,2.1839,Cần kiểm tra,
SX-20260414-DC-DCL-01,2026-04-14,Dao cách ly,220,DC-DCL-01,23,21,0,21,7.3,0.2,666.0,38.4,0.913,0.0,2.8767,Đạt,
SX-20260414-DC-CSV-01,2026-04-14,Chống sét van,500,DC-CSV-01,34,35,2,33,8.6,0.1,599.0,27.8,1.0294,0.0571,3.8372,Cần kiểm tra,
SX-20260414-DC-BI-01,2026-04-14,Biến dòng điện,110,DC-BI-01,48,48,2,46,8.3,1.2,1053.0,49.1,1.0,0.0417,5.5422,Cần kiểm tra,
SX-20260414-DC-BU-01,2026-04-14,Biến điện áp,220,DC-BU-01,32,33,1,32,9.0,0.8,960.0,42.3,1.0312,0.0303,3.5556,Cần kiểm tra,
SX-20260415-DC-MBA-01,2026-04-15,Máy biến áp lực,110,DC-MBA-01,8,8,0,8,8.2,1.8,1930.0,45.0,1.0,0.0,0.9756,Đạt,
SX-20260415-DC-MC-01,2026-04-15,Máy cắt cao áp,220,DC-MC-01,18,18,0,18,8.6,1.1,1064.0,45.1,1.0,0.0,2.093,Đạt,
SX-20260415-DC-DCL-01,2026-04-15,Dao cách ly,500,DC-DCL-01,16,16,1,15,9.0,0.9,555.0,27.1,1.0,0.0625,1.6667,Cần kiểm tra,
SX-20260415-DC-CSV-01,2026-04-15,Chống sét van,110,DC-CSV-01,64,64,1,63,8.6,1.5,940.0,51.4,1.0,0.0156,7.3256,Đạt,
SX-20260415-DC-BI-01,2026-04-15,Biến dòng điện,220,DC-BI-01,37,35,1,34,8.4,1.5,727.0,38.8,0.9459,0.0286,4.0476,Đạt,
SX-20260415-DC-BU-01,2026-04-15,Biến điện áp,500,DC-BU-01,21,20,0,20,8.9,1.2,531.0,26.6,0.9524,0.0,2.2472,Đạt,
SX-20260416-DC-MBA-01,2026-04-16,Máy biến áp lực,220,DC-MBA-01,6,6,0,6,9.2,0.2,1390.0,36.8,1.0,0.0,0.6522,Đạt,
SX-20260416-DC-MC-01,2026-04-16,Máy cắt cao áp,500,DC-MC-01,13,13,0,13,9.4,0.3,797.0,32.4,1.0,0.0,1.383,Đạt,
SX-20260416-DC-DCL-01,2026-04-16,Dao cách ly,110,DC-DCL-01,27,25,0,25,9.9,0.1,895.0,43.9,0.9259,0.0,2.5253,Đạt,
SX-20260416-DC-CSV-01,2026-04-16,Chống sét van,220,DC-CSV-01,48,52,1,51,9.8,1.6,773.0,43.5,1.0833,0.0192,5.2041,Đạt,
SX-20260416-DC-BI-01,2026-04-16,Biến dòng điện,500,DC-BI-01,28,30,1,29,9.1,0.6,675.0,34.3,1.0714,0.0333,3.1868,Cần kiểm tra,
SX-20260416-DC-BU-01,2026-04-16,Biến điện áp,110,DC-BU-01,40,38,0,38,9.4,0.7,1054.0,46.2,0.95,0.0,4.0426,Đạt,
SX-20260417-DC-MBA-01,2026-04-17,Máy biến áp lực,500,DC-MBA-01,4,3,0,3,9.1,1.5,688.0,16.7,0.75,0.0,0.3297,Dưới kế hoạch,
SX-20260417-DC-MC-01,2026-04-17,Máy cắt cao áp,110,DC-MC-01,20,17,1,16,7.7,1.7,912.0,39.5,0.85,0.0588,2.0779,Cần kiểm tra,
SX-20260417-DC-DCL-01,2026-04-17,Dao cách ly,220,DC-DCL-01,24,27,1,26,7.6,0.8,936.0,42.3,1.125,0.037,3.4211,Cần kiểm tra,
SX-20260417-DC-CSV-01,2026-04-17,Chống sét van,500,DC-CSV-01,36,39,0,39,9.5,0.3,593.0,29.5,1.0833,0.0,4.1053,Đạt,
SX-20260417-DC-BI-01,2026-04-17,Biến dòng điện,110,DC-BI-01,48,48,0,48,10.1,0.2,1180.0,51.7,1.0,0.0,4.7525,Đạt,
SX-20260417-DC-BU-01,2026-04-17,Biến điện áp,220,DC-BU-01,29,26,1,25,9.8,1.9,709.0,32.2,0.8966,0.0385,2.551,Cần kiểm tra,
SX-20260418-DC-MBA-01,2026-04-18,Máy biến áp lực,110,DC-MBA-01,4,4,0,4,5.0,1.5,959.0,24.8,1.0,0.0,0.8,Đạt,
SX-20260418-DC-MC-01,2026-04-18,Máy cắt cao áp,220,DC-MC-01,10,10,0,10,6.1,0.4,566.0,22.3,1.0,0.0,1.6393,Đạt,
SX-20260418-DC-DCL-01,2026-04-18,Dao cách ly,500,DC-DCL-01,11,10,0,10,4.6,1.1,368.0,16.5,0.9091,0.0,2.1739,Đạt,
SX-20260418-DC-CSV-01,2026-04-18,Chống sét van,110,DC-CSV-01,39,39,1,38,5.4,1.8,592.0,32.1,1.0,0.0256,7.037,Đạt,
SX-20260418-DC-BI-01,2026-04-18,Biến dòng điện,220,DC-BI-01,22,20,1,19,4.8,1.0,498.0,22.1,0.9091,0.05,3.9583,Cần kiểm tra,
SX-20260418-DC-BU-01,2026-04-18,Biến điện áp,500,DC-BU-01,14,14,0,14,4.6,1.4,409.0,19.4,1.0,0.0,3.0435,Đạt,
SX-20260419-DC-MBA-01,2026-04-19,Máy biến áp lực,220,DC-MBA-01,2,2,0,2,3.2,0.5,502.0,12.4,1.0,0.0,0.625,Đạt,
SX-20260419-DC-MC-01,2026-04-19,Máy cắt cao áp,500,DC-MC-01,5,5,0,5,3.8,1.5,270.0,12.3,1.0,0.0,1.3158,Đạt,
SX-20260419-DC-DCL-01,2026-04-19,Dao cách ly,110,DC-DCL-01,12,12,0,12,3.7,1.7,372.0,19.7,1.0,0.0,3.2432,Đạt,
SX-20260419-DC-CSV-01,2026-04-19,Chống sét van,220,DC-CSV-01,22,22,1,21,3.7,1.4,368.0,18.6,1.0,0.0455,5.6757,Cần kiểm tra,
SX-20260419-DC-BI-01,2026-04-19,Biến dòng điện,500,DC-BI-01,10,11,0,11,3.7,0.6,266.0,12.0,1.1,0.0,2.973,Đạt,
SX-20260419-DC-BU-01,2026-04-19,Biến điện áp,110,DC-BU-01,16,14,1,13,3.6,1.8,396.0,18.3,0.875,0.0714,3.6111,Cần kiểm tra,
SX-20260420-DC-MBA-01,2026-04-20,Máy biến áp lực,500,DC-MBA-01,4,4,0,4,9.2,0.2,874.0,24.7,1.0,0.0,0.4348,Đạt,
SX-20260420-DC-MC-01,2026-04-20,Máy cắt cao áp,110,DC-MC-01,20,19,1,18,8.1,0.9,1027.0,46.1,0.95,0.0526,2.2222,Cần kiểm tra,
SX-20260420-DC-DCL-01,2026-04-20,Dao cách ly,220,DC-DCL-01,24,20,1,19,7.3,2.4,635.0,31.8,0.8333,0.05,2.6027,Cần kiểm tra,
SX-20260420-DC-CSV-01,2026-04-20,Chống sét van,500,DC-CSV-01,33,32,1,31,8.9,1.3,525.0,27.1,0.9697,0.0312,3.4831,Cần kiểm tra,
SX-20260420-DC-BI-01,2026-04-20,Biến dòng điện,110,DC-BI-01,48,51,1,50,7.6,1.1,1188.0,51.6,1.0625,0.0196,6.5789,Đạt,
SX-20260420-DC-BU-01,2026-04-20,Biến điện áp,220,DC-BU-01,30,28,1,27,9.4,0.9,883.0,35.4,0.9333,0.0357,2.8723,Cần kiểm tra,
SX-20260421-DC-MBA-01,2026-04-21,Máy biến áp lực,110,DC-MBA-01,8,7,0,7,9.0,0.8,1649.0,41.3,0.875,0.0,0.7778,Dưới kế hoạch,
SX-20260421-DC-MC-01,2026-04-21,Máy cắt cao áp,220,DC-MC-01,17,16,1,15,7.8,0.3,1004.0,37.1,0.9412,0.0625,1.9231,Cần kiểm tra,
SX-20260421-DC-DCL-01,2026-04-21,Dao cách ly,500,DC-DCL-01,18,20,0,20,8.8,0.4,732.0,35.9,1.1111,0.0,2.2727,Đạt,
SX-20260421-DC-CSV-01,2026-04-21,Chống sét van,110,DC-CSV-01,59,53,1,52,9.0,1.1,781.0,44.6,0.8983,0.0189,5.7778,Dưới kế hoạch,
SX-20260421-DC-BI-01,2026-04-21,Biến dòng điện,220,DC-BI-01,34,29,1,28,7.5,1.7,658.0,33.5,0.8529,0.0345,3.7333,Cần kiểm tra,
SX-20260421-DC-BU-01,2026-04-21,Biến điện áp,500,DC-BU-01,21,22,1,21,10.0,0.2,606.0,28.0,1.0476,0.0455,2.1,Cần kiểm tra,
SX-20260422-DC-MBA-01,2026-04-22,Máy biến áp lực,220,DC-MBA-01,6,6,0,6,9.2,1.2,1557.0,33.7,1.0,0.0,0.6522,Đạt,
SX-20260422-DC-MC-01,2026-04-22,Máy cắt cao áp,500,DC-MC-01,13,14,1,13,9.9,0.7,745.0,32.7,1.0769,0.0714,1.3131,Cần kiểm tra,
SX-20260422-DC-DCL-01,2026-04-22,Dao cách ly,110,DC-DCL-01,30,28,1,27,7.7,0.5,929.0,49.6,0.9333,0.0357,3.5065,Cần kiểm tra,
SX-20260422-DC-CSV-01,2026-04-22,Chống sét van,220,DC-CSV-01,48,43,1,42,9.5,1.1,636.0,35.2,0.8958,0.0233,4.4211,Dưới kế hoạch,
SX-20260422-DC-BI-01,2026-04-22,Biến dòng điện,500,DC-BI-01,25,22,0,22,9.4,2.2,482.0,24.7,0.88,0.0,2.3404,Dưới kế hoạch,
SX-20260422-DC-BU-01,2026-04-22,Biến điện áp,110,DC-BU-01,39,35,1,34,8.7,1.2,1062.0,44.1,0.8974,0.0286,3.908,Dưới kế hoạch,
SX-20260423-DC-MBA-01,2026-04-23,Máy biến áp lực,500,DC-MBA-01,4,4,0,4,9.2,0.6,949.0,24.6,1.0,0.0,0.4348,Đạt,
SX-20260423-DC-MC-01,2026-04-23,Máy cắt cao áp,110,DC-MC-01,21,19,1,18,8.6,1.7,1025.0,47.7,0.9048,0.0526,2.093,Cần kiểm tra,
SX-20260423-DC-DCL-01,2026-04-23,Dao cách ly,220,DC-DCL-01,22,23,1,22,7.4,1.4,794.0,37.1,1.0455,0.0435,2.973,Cần kiểm tra,
SX-20260423-DC-CSV-01,2026-04-23,Chống sét van,500,DC-CSV-01,37,36,1,35,8.3,1.5,597.0,30.7,0.973,0.0278,4.2169,Đạt,
SX-20260423-DC-BI-01,2026-04-23,Biến dòng điện,110,DC-BI-01,45,41,2,39,7.1,1.4,862.0,43.7,0.9111,0.0488,5.493,Cần kiểm tra,
SX-20260423-DC-BU-01,2026-04-23,Biến điện áp,220,DC-BU-01,32,27,0,27,8.3,2.0,830.0,36.0,0.8438,0.0,3.253,Dưới kế hoạch,
SX-20260424-DC-MBA-01,2026-04-24,Máy biến áp lực,110,DC-MBA-01,8,7,0,7,7.3,1.9,1771.0,38.3,0.875,0.0,0.9589,Dưới kế hoạch,
SX-20260424-DC-MC-01,2026-04-24,Máy cắt cao áp,220,DC-MC-01,17,15,1,14,7.3,0.8,908.0,35.3,0.8824,0.0667,1.9178,Cần kiểm tra,
SX-20260424-DC-DCL-01,2026-04-24,Dao cách ly,500,DC-DCL-01,17,17,0,17,7.3,1.5,602.0,28.7,1.0,0.0,2.3288,Đạt,
SX-20260424-DC-CSV-01,2026-04-24,Chống sét van,110,DC-CSV-01,62,59,2,57,7.9,0.6,875.0,48.4,0.9516,0.0339,7.2152,Cần kiểm tra,
SX-20260424-DC-BI-01,2026-04-24,Biến dòng điện,220,DC-BI-01,37,37,1,36,8.3,1.1,915.0,40.7,1.0,0.027,4.3373,Đạt,
SX-20260424-DC-BU-01,2026-04-24,Biến điện áp,500,DC-BU-01,21,18,1,17,9.6,1.1,497.0,23.2,0.8571,0.0556,1.7708,Cần kiểm tra,
SX-20260425-DC-MBA-01,2026-04-25,Máy biến áp lực,220,DC-MBA-01,4,3,0,3,5.8,0.9,749.0,17.7,0.75,0.0,0.5172,Dưới kế hoạch,
SX-20260425-DC-MC-01,2026-04-25,Máy cắt cao áp,500,DC-MC-01,8,9,0,9,5.5,0.3,546.0,22.2,1.125,0.0,1.6364,Đạt,
SX-20260425-DC-DCL-01,2026-04-25,Dao cách ly,110,DC-DCL-01,17,17,1,16,5.5,0.5,604.0,27.5,1.0,0.0588,2.9091,Cần kiểm tra,
SX-20260425-DC-CSV-01,2026-04-25,Chống sét van,220,DC-CSV-01,33,35,1,34,4.6,0.9,531.0,29.8,1.0606,0.0286,7.3913,Đạt,
SX-20260425-DC-BI-01,2026-04-25,Biến dòng điện,500,DC-BI-01,16,15,1,14,5.9,1.1,318.0,17.3,0.9375,0.0667,2.3729,Cần kiểm tra,
SX-20260425-DC-BU-01,2026-04-25,Biến điện áp,110,DC-BU-01,24,23,1,22,5.4,0.5,617.0,29.6,0.9583,0.0435,4.0741,Cần kiểm tra,
SX-20260426-DC-MBA-01,2026-04-26,Máy biến áp lực,500,DC-MBA-01,2,2,0,2,3.0,0.8,469.0,12.1,1.0,0.0,0.6667,Đạt,
SX-20260426-DC-MC-01,2026-04-26,Máy cắt cao áp,110,DC-MC-01,8,9,0,9,3.2,0.3,550.0,22.2,1.125,0.0,2.8125,Đạt,
SX-20260426-DC-DCL-01,2026-04-26,Dao cách ly,220,DC-DCL-01,10,10,0,10,3.6,1.2,339.0,18.2,1.0,0.0,2.7778,Đạt,
SX-20260426-DC-CSV-01,2026-04-26,Chống sét van,500,DC-CSV-01,14,13,1,12,4.1,1.2,197.0,10.8,0.9286,0.0769,2.9268,Cần kiểm tra,
SX-20260426-DC-BI-01,2026-04-26,Biến dòng điện,110,DC-BI-01,19,19,1,18,3.9,1.1,402.0,21.1,1.0,0.0526,4.6154,Cần kiểm tra,
SX-20260426-DC-BU-01,2026-04-26,Biến điện áp,220,DC-BU-01,12,13,0,13,3.7,1.1,374.0,17.6,1.0833,0.0,3.5135,Đạt,
SX-20260427-DC-MBA-01,2026-04-27,Máy biến áp lực,110,DC-MBA-01,7,7,0,7,7.6,1.7,1626.0,38.3,1.0,0.0,0.9211,Đạt,
SX-20260427-DC-MC-01,2026-04-27,Máy cắt cao áp,220,DC-MC-01,16,15,0,15,7.1,0.8,814.0,34.8,0.9375,0.0,2.1127,Đạt,
SX-20260427-DC-DCL-01,2026-04-27,Dao cách ly,500,DC-DCL-01,17,15,0,15,7.4,2.0,554.0,26.0,0.8824,0.0,2.027,Dưới kế hoạch,
SX-20260427-DC-CSV-01,2026-04-27,Chống sét van,110,DC-CSV-01,60,61,2,59,8.6,0.8,976.0,50.6,1.0167,0.0328,6.8605,Cần kiểm tra,
SX-20260427-DC-BI-01,2026-04-27,Biến dòng điện,220,DC-BI-01,40,41,2,39,10.1,0.2,930.0,46.7,1.025,0.0488,3.8614,Cần kiểm tra,
SX-20260427-DC-BU-01,2026-04-27,Biến điện áp,500,DC-BU-01,21,21,0,21,7.7,0.3,563.0,27.1,1.0,0.0,2.7273,Đạt,
SX-20260428-DC-MBA-01,2026-04-28,Máy biến áp lực,220,DC-MBA-01,6,6,0,6,7.7,1.0,1474.0,34.0,1.0,0.0,0.7792,Đạt,
SX-20260428-DC-MC-01,2026-04-28,Máy cắt cao áp,500,DC-MC-01,13,11,1,10,7.2,1.0,589.0,27.2,0.8462,0.0909,1.3889,Cần kiểm tra,
SX-20260428-DC-DCL-01,2026-04-28,Dao cách ly,110,DC-DCL-01,27,26,1,25,9.6,1.0,933.0,46.9,0.963,0.0385,2.6042,Cần kiểm tra,
SX-20260428-DC-CSV-01,2026-04-28,Chống sét van,220,DC-CSV-01,48,41,1,40,7.6,2.3,640.0,31.4,0.8542,0.0244,5.2632,Dưới kế hoạch,
SX-20260428-DC-BI-01,2026-04-28,Biến dòng điện,500,DC-BI-01,26,24,1,23,7.9,0.7,537.0,26.4,0.9231,0.0417,2.9114,Cần kiểm tra,
SX-20260428-DC-BU-01,2026-04-28,Biến điện áp,110,DC-BU-01,35,31,0,31,7.8,1.8,912.0,38.8,0.8857,0.0,3.9744,Dưới kế hoạch,
SX-20260429-DC-MBA-01,2026-04-29,Máy biến áp lực,500,DC-MBA-01,4,4,0,4,9.7,1.3,870.0,23.9,1.0,0.0,0.4124,Đạt,
SX-20260429-DC-MC-01,2026-04-29,Máy cắt cao áp,110,DC-MC-01,20,20,1,19,7.2,1.4,1179.0,46.3,1.0,0.05,2.6389,Cần kiểm tra,
SX-20260429-DC-DCL-01,2026-04-29,Dao cách ly,220,DC-DCL-01,24,23,1,22,8.7,0.3,854.0,39.0,0.9583,0.0435,2.5287,Cần kiểm tra,
SX-20260429-DC-CSV-01,2026-04-29,Chống sét van,500,DC-CSV-01,38,42,2,40,8.1,1.4,676.0,32.4,1.1053,0.0476,4.9383,Cần kiểm tra,
SX-20260429-DC-BI-01,2026-04-29,Biến dòng điện,110,DC-BI-01,42,40,1,39,10.0,0.2,957.0,41.5,0.9524,0.025,3.9,Đạt,
SX-20260429-DC-BU-01,2026-04-29,Biến điện áp,220,DC-BU-01,31,35,0,35,9.4,1.2,1075.0,48.3,1.129,0.0,3.7234,Đạt,
SX-20260430-DC-MBA-01,2026-04-30,Máy biến áp lực,110,DC-MBA-01,8,8,0,8,9.2,1.4,1922.0,48.2,1.0,0.0,0.8696,Đạt,
SX-20260430-DC-MC-01,2026-04-30,Máy cắt cao áp,220,DC-MC-01,17,15,0,15,9.0,1.6,835.0,37.4,0.8824,0.0,1.6667,Dưới kế hoạch,
SX-20260430-DC-DCL-01,2026-04-30,Dao cách ly,500,DC-DCL-01,16,18,0,18,8.5,0.5,585.0,31.1,1.125,0.0,2.1176,Đạt,
SX-20260430-DC-CSV-01,2026-04-30,Chống sét van,110,DC-CSV-01,59,56,2,54,7.3,1.3,944.0,44.5,0.9492,0.0357,7.3973,Cần kiểm tra,
SX-20260430-DC-BI-01,2026-04-30,Biến dòng điện,220,DC-BI-01,34,36,1,35,10.1,0.3,773.0,42.6,1.0588,0.0278,3.4653,Đạt,
SX-20260430-DC-BU-01,2026-04-30,Biến điện áp,500,DC-BU-01,21,22,0,22,7.4,0.1,646.0,28.2,1.0476,0.0,2.973,Đạt,
SX-20260501-DC-MBA-01,2026-05-01,Máy biến áp lực,500,DC-MBA-01,4,4,0,4,7.1,1.1,1041.0,23.6,1.0,0.0,0.5634,Đạt,
SX-20260501-DC-MC-01,2026-05-01,Máy cắt cao áp,110,DC-MC-01,22,21,0,21,9.1,0.5,1248.0,49.8,0.9545,0.0,2.3077,Đạt,
SX-20260501-DC-DCL-01,2026-05-01,Dao cách ly,220,DC-DCL-01,22,19,1,18,7.9,1.8,588.0,34.1,0.8636,0.0526,2.2785,Cần kiểm tra,
SX-20260501-DC-CSV-01,2026-05-01,Chống sét van,500,DC-CSV-01,35,37,1,36,8.8,0.7,611.0,28.2,1.0571,0.027,4.0909,Đạt,
SX-20260501-DC-BI-01,2026-05-01,Biến dòng điện,110,DC-BI-01,49,51,3,48,7.6,0.8,1123.0,54.5,1.0408,0.0588,6.3158,Cần kiểm tra,
SX-20260501-DC-BU-01,2026-05-01,Biến điện áp,220,DC-BU-01,33,30,1,29,9.6,1.3,852.0,38.5,0.9091,0.0333,3.0208,Cần kiểm tra,
SX-20260502-DC-MBA-01,2026-05-02,Máy biến áp lực,110,DC-MBA-01,5,5,0,5,4.8,1.6,1098.0,29.1,1.0,0.0,1.0417,Đạt,
SX-20260502-DC-MC-01,2026-05-02,Máy cắt cao áp,220,DC-MC-01,11,10,0,10,6.1,1.0,627.0,25.6,0.9091,0.0,1.6393,Đạt,
SX-20260502-DC-DCL-01,2026-05-02,Dao cách ly,500,DC-DCL-01,10,11,0,11,6.1,0.5,350.0,20.0,1.1,0.0,1.8033,Đạt,
SX-20260502-DC-CSV-01,2026-05-02,Chống sét van,110,DC-CSV-01,39,43,1,42,4.4,1.0,708.0,35.1,1.1026,0.0233,9.5455,Đạt,
SX-20260502-DC-BI-01,2026-05-02,Biến dòng điện,220,DC-BI-01,24,25,1,24,5.9,1.5,537.0,26.0,1.0417,0.04,4.0678,Cần kiểm tra,
SX-20260502-DC-BU-01,2026-05-02,Biến điện áp,500,DC-BU-01,14,15,1,14,4.7,1.4,437.0,19.6,1.0714,0.0667,2.9787,Cần kiểm tra,
SX-20260503-DC-MBA-01,2026-05-03,Máy biến áp lực,220,DC-MBA-01,3,3,0,3,3.3,1.3,764.0,16.8,1.0,0.0,0.9091,Đạt,
SX-20260503-DC-MC-01,2026-05-03,Máy cắt cao áp,500,DC-MC-01,6,6,0,6,4.0,1.5,357.0,13.5,1.0,0.0,1.5,Đạt,
SX-20260503-DC-DCL-01,2026-05-03,Dao cách ly,110,DC-DCL-01,13,12,0,12,3.4,1.8,437.0,20.4,0.9231,0.0,3.5294,Đạt,
SX-20260503-DC-CSV-01,2026-05-03,Chống sét van,220,DC-CSV-01,22,20,0,20,4.1,0.3,291.0,17.2,0.9091,0.0,4.878,Đạt,
SX-20260503-DC-BI-01,2026-05-03,Biến dòng điện,500,DC-BI-01,11,10,0,10,3.5,0.3,251.0,10.6,0.9091,0.0,2.8571,Đạt,
SX-20260503-DC-BU-01,2026-05-03,Biến điện áp,110,DC-BU-01,16,15,0,15,3.2,0.3,446.0,18.7,0.9375,0.0,4.6875,Đạt,
SX-20260504-DC-MBA-01,2026-05-04,Máy biến áp lực,500,DC-MBA-01,4,4,0,4,9.1,0.7,1042.0,24.8,1.0,0.0,0.4396,Đạt,
SX-20260504-DC-MC-01,2026-05-04,Máy cắt cao áp,110,DC-MC-01,22,22,1,21,7.5,0.9,1361.0,49.4,1.0,0.0455,2.8,Cần kiểm tra,
SX-20260504-DC-DCL-01,2026-05-04,Dao cách ly,220,DC-DCL-01,23,24,1,23,7.6,1.3,857.0,42.9,1.0435,0.0417,3.0263,Cần kiểm tra,
SX-20260504-DC-CSV-01,2026-05-04,Chống sét van,500,DC-CSV-01,39,42,1,41,9.7,0.1,627.0,33.7,1.0769,0.0238,4.2268,Đạt,
SX-20260504-DC-BI-01,2026-05-04,Biến dòng điện,110,DC-BI-01,44,43,0,43,8.2,1.0,1033.0,49.8,0.9773,0.0,5.2439,Đạt,
SX-20260504-DC-BU-01,2026-05-04,Biến điện áp,220,DC-BU-01,34,32,0,32,7.0,0.8,844.0,43.9,0.9412,0.0,4.5714,Đạt,
SX-20260505-DC-MBA-01,2026-05-05,Máy biến áp lực,110,DC-MBA-01,8,7,0,7,9.4,2.1,1580.0,42.0,0.875,0.0,0.7447,Dưới kế hoạch,
SX-20260505-DC-MC-01,2026-05-05,Máy cắt cao áp,220,DC-MC-01,18,17,0,17,7.6,0.4,1083.0,40.4,0.9444,0.0,2.2368,Đạt,
SX-20260505-DC-DCL-01,2026-05-05,Dao cách ly,500,DC-DCL-01,17,18,1,17,10.1,1.7,627.0,28.8,1.0588,0.0556,1.6832,Cần kiểm tra,
SX-20260505-DC-CSV-01,2026-05-05,Chống sét van,110,DC-CSV-01,58,55,1,54,7.9,0.6,965.0,42.9,0.9483,0.0182,6.8354,Đạt,
SX-20260505-DC-BI-01,2026-05-05,Biến dòng điện,220,DC-BI-01,36,39,1,38,7.1,1.7,852.0,42.9,1.0833,0.0256,5.3521,Đạt,
SX-20260505-DC-BU-01,2026-05-05,Biến điện áp,500,DC-BU-01,22,21,1,20,8.0,1.8,654.0,26.0,0.9545,0.0476,2.5,Cần kiểm tra,
SX-20260506-DC-MBA-01,2026-05-06,Máy biến áp lực,220,DC-MBA-01,6,6,0,6,9.7,1.6,1370.0,33.0,1.0,0.0,0.6186,Đạt,
SX-20260506-DC-MC-01,2026-05-06,Máy cắt cao áp,500,DC-MC-01,12,11,1,10,7.2,1.8,648.0,28.3,0.9167,0.0909,1.3889,Cần kiểm tra,
SX-20260506-DC-DCL-01,2026-05-06,Dao cách ly,110,DC-DCL-01,30,33,1,32,7.7,1.3,1052.0,51.8,1.1,0.0303,4.1558,Cần kiểm tra,
SX-20260506-DC-CSV-01,2026-05-06,Chống sét van,220,DC-CSV-01,50,48,1,47,8.8,0.5,738.0,36.4,0.96,0.0208,5.3409,Đạt,
SX-20260506-DC-BI-01,2026-05-06,Biến dòng điện,500,DC-BI-01,27,24,0,24,8.4,2.3,538.0,26.1,0.8889,0.0,2.8571,Dưới kế hoạch,
SX-20260506-DC-BU-01,2026-05-06,Biến điện áp,110,DC-BU-01,38,38,1,37,8.9,0.9,1091.0,50.0,1.0,0.0263,4.1573,Đạt,
SX-20260507-DC-MBA-01,2026-05-07,Máy biến áp lực,500,DC-MBA-01,4,4,0,4,9.7,1.7,972.0,22.8,1.0,0.0,0.4124,Đạt,
SX-20260507-DC-MC-01,2026-05-07,Máy cắt cao áp,110,DC-MC-01,22,24,1,23,8.2,1.4,1442.0,60.4,1.0909,0.0417,2.8049,Cần kiểm tra,
SX-20260507-DC-DCL-01,2026-05-07,Dao cách ly,220,DC-DCL-01,24,22,1,21,7.2,0.5,822.0,39.7,0.9167,0.0455,2.9167,Cần kiểm tra,
SX-20260507-DC-CSV-01,2026-05-07,Chống sét van,500,DC-CSV-01,39,40,2,38,10.2,0.3,633.0,33.7,1.0256,0.05,3.7255,Cần kiểm tra,
SX-20260507-DC-BI-01,2026-05-07,Biến dòng điện,110,DC-BI-01,47,45,2,43,9.7,1.1,945.0,46.0,0.9574,0.0444,4.433,Cần kiểm tra,
SX-20260507-DC-BU-01,2026-05-07,Biến điện áp,220,DC-BU-01,34,29,1,28,7.5,2.2,879.0,37.7,0.8529,0.0345,3.7333,Cần kiểm tra,
SX-20260508-DC-MBA-01,2026-05-08,Máy biến áp lực,110,DC-MBA-01,7,6,0,6,9.0,1.6,1462.0,36.3,0.8571,0.0,0.6667,Dưới kế hoạch,
SX-20260508-DC-MC-01,2026-05-08,Máy cắt cao áp,220,DC-MC-01,19,17,0,17,7.7,1.4,910.0,41.5,0.8947,0.0,2.2078,Dưới kế hoạch,
SX-20260508-DC-DCL-01,2026-05-08,Dao cách ly,500,DC-DCL-01,16,16,1,15,8.6,0.6,542.0,26.5,1.0,0.0625,1.7442,Cần kiểm tra,
SX-20260508-DC-CSV-01,2026-05-08,Chống sét van,110,DC-CSV-01,63,68,1,67,7.5,1.2,1076.0,55.7,1.0794,0.0147,8.9333,Đạt,
SX-20260508-DC-BI-01,2026-05-08,Biến dòng điện,220,DC-BI-01,38,38,1,37,10.0,0.1,868.0,39.9,1.0,0.0263,3.7,Đạt,
SX-20260508-DC-BU-01,2026-05-08,Biến điện áp,500,DC-BU-01,21,19,0,19,9.9,1.6,535.0,23.6,0.9048,0.0,1.9192,Đạt,
SX-20260509-DC-MBA-01,2026-05-09,Máy biến áp lực,220,DC-MBA-01,4,4,0,4,4.6,1.0,887.0,24.2,1.0,0.0,0.8696,Đạt,
SX-20260509-DC-MC-01,2026-05-09,Máy cắt cao áp,500,DC-MC-01,7,8,0,8,5.5,0.8,438.0,20.3,1.1429,0.0,1.4545,Đạt,
SX-20260509-DC-DCL-01,2026-05-09,Dao cách ly,110,DC-DCL-01,19,16,0,16,6.3,2.2,525.0,26.0,0.8421,0.0,2.5397,Dưới kế hoạch,
SX-20260509-DC-CSV-01,2026-05-09,Chống sét van,220,DC-CSV-01,34,29,1,28,6.1,2.3,488.0,23.8,0.8529,0.0345,4.5902,Cần kiểm tra,
SX-20260509-DC-BI-01,2026-05-09,Biến dòng điện,500,DC-BI-01,18,19,0,19,5.7,1.5,458.0,20.4,1.0556,0.0,3.3333,Đạt,
SX-20260509-DC-BU-01,2026-05-09,Biến điện áp,110,DC-BU-01,24,22,1,21,4.4,0.5,575.0,30.8,0.9167,0.0455,4.7727,Cần kiểm tra,
SX-20260510-DC-MBA-01,2026-05-10,Máy biến áp lực,500,DC-MBA-01,2,2,0,2,4.2,1.8,515.0,10.9,1.0,0.0,0.4762,Đạt,
SX-20260510-DC-MC-01,2026-05-10,Máy cắt cao áp,110,DC-MC-01,9,9,0,9,3.4,0.6,549.0,22.5,1.0,0.0,2.6471,Đạt,
SX-20260510-DC-DCL-01,2026-05-10,Dao cách ly,220,DC-DCL-01,10,9,0,9,3.3,0.8,300.0,14.8,0.9,0.0,2.7273,Đạt,
SX-20260510-DC-CSV-01,2026-05-10,Chống sét van,500,DC-CSV-01,15,14,1,13,4.1,0.6,222.0,11.4,0.9333,0.0714,3.1707,Cần kiểm tra,
SX-20260510-DC-BI-01,2026-05-10,Biến dòng điện,110,DC-BI-01,18,15,1,14,4.2,2.2,355.0,17.5,0.8333,0.0667,3.3333,Cần kiểm tra,
SX-20260510-DC-BU-01,2026-05-10,Biến điện áp,220,DC-BU-01,13,14,0,14,3.3,1.5,444.0,17.4,1.0769,0.0,4.2424,Đạt,
SX-20260511-DC-MBA-01,2026-05-11,Máy biến áp lực,110,DC-MBA-01,7,7,0,7,9.8,0.6,1783.0,41.5,1.0,0.0,0.7143,Đạt,
SX-20260511-DC-MC-01,2026-05-11,Máy cắt cao áp,220,DC-MC-01,19,16,0,16,9.8,2.0,979.0,36.6,0.8421,0.0,1.6327,Dưới kế hoạch,
SX-20260511-DC-DCL-01,2026-05-11,Dao cách ly,500,DC-DCL-01,18,20,0,20,9.5,1.2,645.0,33.1,1.1111,0.0,2.1053,Đạt,
SX-20260511-DC-CSV-01,2026-05-11,Chống sét van,110,DC-CSV-01,66,64,2,62,8.5,0.1,1048.0,54.4,0.9697,0.0312,7.2941,Cần kiểm tra,
SX-20260511-DC-BI-01,2026-05-11,Biến dòng điện,220,DC-BI-01,39,34,1,33,9.7,2.2,840.0,39.9,0.8718,0.0294,3.4021,Dưới kế hoạch,
SX-20260511-DC-BU-01,2026-05-11,Biến điện áp,500,DC-BU-01,24,26,1,25,7.2,0.4,802.0,32.3,1.0833,0.0385,3.4722,Cần kiểm tra,
SX-20260512-DC-MBA-01,2026-05-12,Máy biến áp lực,220,DC-MBA-01,6,7,0,7,8.9,1.4,1817.0,40.8,1.1667,0.0,0.7865,Đạt,
SX-20260512-DC-MC-01,2026-05-12,Máy cắt cao áp,500,DC-MC-01,13,12,1,11,8.5,1.5,640.0,26.7,0.9231,0.0833,1.2941,Cần kiểm tra,
SX-20260512-DC-DCL-01,2026-05-12,Dao cách ly,110,DC-DCL-01,31,29,0,29,7.0,0.5,1016.0,45.8,0.9355,0.0,4.1429,Đạt,
SX-20260512-DC-CSV-01,2026-05-12,Chống sét van,220,DC-CSV-01,54,54,3,51,8.6,1.2,840.0,41.6,1.0,0.0556,5.9302,Cần kiểm tra,
SX-20260512-DC-BI-01,2026-05-12,Biến dòng điện,500,DC-BI-01,26,27,1,26,7.6,0.6,641.0,30.7,1.0385,0.037,3.4211,Cần kiểm tra,
SX-20260512-DC-BU-01,2026-05-12,Biến điện áp,110,DC-BU-01,41,43,1,42,7.3,1.1,1189.0,55.5,1.0488,0.0233,5.7534,Đạt,
SX-20260513-DC-MBA-01,2026-05-13,Máy biến áp lực,500,DC-MBA-01,4,4,0,4,9.1,1.1,972.0,23.4,1.0,0.0,0.4396,Đạt,
SX-20260513-DC-MC-01,2026-05-13,Máy cắt cao áp,110,DC-MC-01,22,24,1,23,9.9,1.7,1485.0,56.5,1.0909,0.0417,2.3232,Cần kiểm tra,
SX-20260513-DC-DCL-01,2026-05-13,Dao cách ly,220,DC-DCL-01,23,25,1,24,7.1,1.1,855.0,41.3,1.087,0.04,3.3803,Cần kiểm tra,
SX-20260513-DC-CSV-01,2026-05-13,Chống sét van,500,DC-CSV-01,37,31,1,30,7.9,1.1,447.0,24.2,0.8378,0.0323,3.7975,Cần kiểm tra,
SX-20260513-DC-BI-01,2026-05-13,Biến dòng điện,110,DC-BI-01,44,38,2,36,7.1,1.7,818.0,42.9,0.8636,0.0526,5.0704,Cần kiểm tra,
SX-20260513-DC-BU-01,2026-05-13,Biến điện áp,220,DC-BU-01,31,27,0,27,9.7,1.6,837.0,32.7,0.871,0.0,2.7835,Dưới kế hoạch,
SX-20260514-DC-MBA-01,2026-05-14,Máy biến áp lực,110,DC-MBA-01,8,8,0,8,9.7,1.5,2037.0,48.0,1.0,0.0,0.8247,Đạt,
SX-20260514-DC-MC-01,2026-05-14,Máy cắt cao áp,220,DC-MC-01,17,16,0,16,8.2,1.7,1014.0,38.4,0.9412,0.0,1.9512,Đạt,
SX-20260514-DC-DCL-01,2026-05-14,Dao cách ly,500,DC-DCL-01,17,16,0,16,8.4,1.4,582.0,27.6,0.9412,0.0,1.9048,Đạt,
SX-20260514-DC-CSV-01,2026-05-14,Chống sét van,110,DC-CSV-01,60,60,2,58,9.7,1.5,1034.0,45.1,1.0,0.0333,5.9794,Cần kiểm tra,
SX-20260514-DC-BI-01,2026-05-14,Biến dòng điện,220,DC-BI-01,36,37,1,36,7.8,0.6,926.0,39.1,1.0278,0.027,4.6154,Đạt,
SX-20260514-DC-BU-01,2026-05-14,Biến điện áp,500,DC-BU-01,24,24,1,23,9.1,0.3,656.0,28.7,1.0,0.0417,2.5275,Cần kiểm tra,
SX-20260515-DC-MBA-01,2026-05-15,Máy biến áp lực,220,DC-MBA-01,6,7,0,7,7.8,1.0,1555.0,41.5,1.1667,0.0,0.8974,Đạt,
SX-20260515-DC-MC-01,2026-05-15,Máy cắt cao áp,500,DC-MC-01,13,11,0,11,8.5,1.4,580.0,26.1,0.8462,0.0,1.2941,Dưới kế hoạch,
SX-20260515-DC-DCL-01,2026-05-15,Dao cách ly,110,DC-DCL-01,31,34,1,33,9.6,0.4,1059.0,55.3,1.0968,0.0294,3.4375,Đạt,
SX-20260515-DC-CSV-01,2026-05-15,Chống sét van,220,DC-CSV-01,47,52,0,52,9.7,1.4,844.0,44.5,1.1064,0.0,5.3608,Đạt,
SX-20260515-DC-BI-01,2026-05-15,Biến dòng điện,500,DC-BI-01,27,28,1,27,9.4,1.2,652.0,29.7,1.037,0.0357,2.8723,Cần kiểm tra,
SX-20260515-DC-BU-01,2026-05-15,Biến điện áp,110,DC-BU-01,39,34,0,34,7.2,1.3,982.0,44.3,0.8718,0.0,4.7222,Dưới kế hoạch,
SX-20260516-DC-MBA-01,2026-05-16,Máy biến áp lực,500,DC-MBA-01,3,3,0,3,4.7,0.8,696.0,17.5,1.0,0.0,0.6383,Đạt,
SX-20260516-DC-MC-01,2026-05-16,Máy cắt cao áp,110,DC-MC-01,14,14,1,13,4.8,0.6,841.0,33.6,1.0,0.0714,2.7083,Cần kiểm tra,
SX-20260516-DC-DCL-01,2026-05-16,Dao cách ly,220,DC-DCL-01,15,14,0,14,5.7,1.7,478.0,23.6,0.9333,0.0,2.4561,Đạt,
SX-20260516-DC-CSV-01,2026-05-16,Chống sét van,500,DC-CSV-01,22,21,1,20,5.1,0.1,342.0,16.4,0.9545,0.0476,3.9216,Cần kiểm tra,
SX-20260516-DC-BI-01,2026-05-16,Biến dòng điện,110,DC-BI-01,30,27,1,26,4.9,1.7,582.0,31.7,0.9,0.037,5.3061,Cần kiểm tra,
SX-20260516-DC-BU-01,2026-05-16,Biến điện áp,220,DC-BU-01,19,18,0,18,5.9,0.6,489.0,23.9,0.9474,0.0,3.0508,Đạt,
SX-20260517-DC-MBA-01,2026-05-17,Máy biến áp lực,110,DC-MBA-01,3,3,0,3,3.9,1.1,657.0,16.6,1.0,0.0,0.7692,Đạt,
SX-20260517-DC-MC-01,2026-05-17,Máy cắt cao áp,220,DC-MC-01,8,8,0,8,3.8,0.6,458.0,18.3,1.0,0.0,2.1053,Đạt,
SX-20260517-DC-DCL-01,2026-05-17,Dao cách ly,500,DC-DCL-01,7,7,0,7,3.5,0.7,223.0,12.5,1.0,0.0,2.0,Đạt,
SX-20260517-DC-CSV-01,2026-05-17,Chống sét van,110,DC-CSV-01,27,29,1,28,3.1,1.8,453.0,23.5,1.0741,0.0345,9.0323,Cần kiểm tra,
SX-20260517-DC-BI-01,2026-05-17,Biến dòng điện,220,DC-BI-01,16,17,0,17,4.3,0.8,392.0,19.3,1.0625,0.0,3.9535,Đạt,
SX-20260517-DC-BU-01,2026-05-17,Biến điện áp,500,DC-BU-01,9,8,0,8,3.0,0.9,222.0,11.1,0.8889,0.0,2.6667,Dưới kế hoạch,
SX-20260518-DC-MBA-01,2026-05-18,Máy biến áp lực,220,DC-MBA-01,6,6,0,6,7.3,1.6,1582.0,35.3,1.0,0.0,0.8219,Đạt,
SX-20260518-DC-MC-01,2026-05-18,Máy cắt cao áp,500,DC-MC-01,13,11,1,10,9.2,2.2,578.0,24.5,0.8462,0.0909,1.087,Cần kiểm tra,
SX-20260518-DC-DCL-01,2026-05-18,Dao cách ly,110,DC-DCL-01,30,30,1,29,9.5,1.1,940.0,51.3,1.0,0.0333,3.0526,Cần kiểm tra,
SX-20260518-DC-CSV-01,2026-05-18,Chống sét van,220,DC-CSV-01,49,52,2,50,8.2,0.2,806.0,38.7,1.0612,0.0385,6.0976,Cần kiểm tra,
SX-20260518-DC-BI-01,2026-05-18,Biến dòng điện,500,DC-BI-01,27,26,1,25,7.0,0.6,588.0,28.9,0.963,0.0385,3.5714,Cần kiểm tra,
SX-20260518-DC-BU-01,2026-05-18,Biến điện áp,110,DC-BU-01,40,44,0,44,7.3,0.9,1153.0,60.0,1.1,0.0,6.0274,Đạt,
SX-20260519-DC-MBA-01,2026-05-19,Máy biến áp lực,500,DC-MBA-01,5,5,0,5,10.0,0.5,1163.0,29.0,1.0,0.0,0.5,Đạt,
SX-20260519-DC-MC-01,2026-05-19,Máy cắt cao áp,110,DC-MC-01,23,21,1,20,9.3,0.2,1201.0,53.2,0.913,0.0476,2.1505,Cần kiểm tra,
SX-20260519-DC-DCL-01,2026-05-19,Dao cách ly,220,DC-DCL-01,25,21,1,20,8.5,2.3,685.0,33.9,0.84,0.0476,2.3529,Cần kiểm tra,
SX-20260519-DC-CSV-01,2026-05-19,Chống sét van,500,DC-CSV-01,38,41,1,40,10.1,1.4,605.0,31.1,1.0789,0.0244,3.9604,Đạt,
SX-20260519-DC-BI-01,2026-05-19,Biến dòng điện,110,DC-BI-01,48,46,1,45,8.9,1.5,1141.0,46.8,0.9583,0.0217,5.0562,Đạt,
SX-20260519-DC-BU-01,2026-05-19,Biến điện áp,220,DC-BU-01,30,31,1,30,7.4,0.3,852.0,38.7,1.0333,0.0323,4.0541,Cần kiểm tra,
SX-20260520-DC-MBA-01,2026-05-20,Máy biến áp lực,110,DC-MBA-01,7,7,0,7,7.7,0.9,1675.0,42.2,1.0,0.0,0.9091,Đạt,
SX-20260520-DC-MC-01,2026-05-20,Máy cắt cao áp,220,DC-MC-01,18,16,0,16,7.8,1.2,996.0,37.6,0.8889,0.0,2.0513,Dưới kế hoạch,
SX-20260520-DC-DCL-01,2026-05-20,Dao cách ly,500,DC-DCL-01,17,15,1,14,8.3,1.3,472.0,26.8,0.8824,0.0667,1.6867,Cần kiểm tra,
SX-20260520-DC-CSV-01,2026-05-20,Chống sét van,110,DC-CSV-01,62,58,2,56,7.6,0.2,994.0,45.0,0.9355,0.0345,7.3684,Cần kiểm tra,
SX-20260520-DC-BI-01,2026-05-20,Biến dòng điện,220,DC-BI-01,38,33,1,32,8.2,1.6,790.0,34.3,0.8684,0.0303,3.9024,Cần kiểm tra,
SX-20260520-DC-BU-01,2026-05-20,Biến điện áp,500,DC-BU-01,22,21,0,21,9.1,1.6,621.0,28.3,0.9545,0.0,2.3077,Đạt,
SX-20260521-DC-MBA-01,2026-05-21,Máy biến áp lực,220,DC-MBA-01,6,7,0,7,9.0,1.3,1781.0,38.9,1.1667,0.0,0.7778,Đạt,
SX-20260521-DC-MC-01,2026-05-21,Máy cắt cao áp,500,DC-MC-01,12,10,0,10,10.0,0.9,613.0,25.4,0.8333,0.0,1.0,Dưới kế hoạch,
SX-20260521-DC-DCL-01,2026-05-21,Dao cách ly,110,DC-DCL-01,31,31,1,30,10.0,1.3,1025.0,51.6,1.0,0.0323,3.0,Cần kiểm tra,
SX-20260521-DC-CSV-01,2026-05-21,Chống sét van,220,DC-CSV-01,53,46,1,45,9.4,2.0,792.0,34.6,0.8679,0.0217,4.7872,Dưới kế hoạch,
SX-20260521-DC-BI-01,2026-05-21,Biến dòng điện,500,DC-BI-01,26,23,1,22,9.7,2.0,546.0,23.8,0.8846,0.0435,2.268,Cần kiểm tra,
SX-20260521-DC-BU-01,2026-05-21,Biến điện áp,110,DC-BU-01,36,37,1,36,7.4,1.3,966.0,49.6,1.0278,0.027,4.8649,Đạt,
SX-20260522-DC-MBA-01,2026-05-22,Máy biến áp lực,500,DC-MBA-01,4,4,0,4,7.5,0.4,942.0,23.3,1.0,0.0,0.5333,Đạt,
SX-20260522-DC-MC-01,2026-05-22,Máy cắt cao áp,110,DC-MC-01,21,20,1,19,7.9,0.8,1110.0,46.5,0.9524,0.05,2.4051,Cần kiểm tra,
SX-20260522-DC-DCL-01,2026-05-22,Dao cách ly,220,DC-DCL-01,23,21,1,20,7.6,0.6,772.0,38.0,0.913,0.0476,2.6316,Cần kiểm tra,
SX-20260522-DC-CSV-01,2026-05-22,Chống sét van,500,DC-CSV-01,36,32,1,31,7.5,2.3,545.0,24.7,0.8889,0.0312,4.1333,Cần kiểm tra,
SX-20260522-DC-BI-01,2026-05-22,Biến dòng điện,110,DC-BI-01,46,46,2,44,8.8,0.5,1091.0,52.1,1.0,0.0435,5.0,Cần kiểm tra,
SX-20260522-DC-BU-01,2026-05-22,Biến điện áp,220,DC-BU-01,30,30,1,29,8.4,0.8,949.0,41.0,1.0,0.0333,3.4524,Cần kiểm tra,
SX-20260523-DC-MBA-01,2026-05-23,Máy biến áp lực,110,DC-MBA-01,5,5,0,5,4.6,1.3,1142.0,30.4,1.0,0.0,1.087,Đạt,
SX-20260523-DC-MC-01,2026-05-23,Máy cắt cao áp,220,DC-MC-01,11,10,0,10,4.6,1.7,604.0,23.4,0.9091,0.0,2.1739,Đạt,
SX-20260523-DC-DCL-01,2026-05-23,Dao cách ly,500,DC-DCL-01,11,12,0,12,4.6,0.7,399.0,20.8,1.0909,0.0,2.6087,Đạt,
SX-20260523-DC-CSV-01,2026-05-23,Chống sét van,110,DC-CSV-01,39,37,0,37,6.1,1.4,594.0,28.5,0.9487,0.0,6.0656,Đạt,
SX-20260523-DC-BI-01,2026-05-23,Biến dòng điện,220,DC-BI-01,22,19,0,19,5.5,1.1,401.0,21.8,0.8636,0.0,3.4545,Dưới kế hoạch,
SX-20260523-DC-BU-01,2026-05-23,Biến điện áp,500,DC-BU-01,14,15,1,14,5.5,0.7,436.0,20.0,1.0714,0.0667,2.5455,Cần kiểm tra,
SX-20260524-DC-MBA-01,2026-05-24,Máy biến áp lực,220,DC-MBA-01,3,3,0,3,3.4,1.4,668.0,16.0,1.0,0.0,0.8824,Đạt,
SX-20260524-DC-MC-01,2026-05-24,Máy cắt cao áp,500,DC-MC-01,5,6,0,6,3.8,1.4,360.0,15.1,1.2,0.0,1.5789,Đạt,
SX-20260524-DC-DCL-01,2026-05-24,Dao cách ly,110,DC-DCL-01,13,14,0,14,3.7,1.2,504.0,22.2,1.0769,0.0,3.7838,Đạt,
SX-20260524-DC-CSV-01,2026-05-24,Chống sét van,220,DC-CSV-01,20,22,1,21,3.7,1.7,377.0,17.2,1.1,0.0455,5.6757,Cần kiểm tra,
SX-20260524-DC-BI-01,2026-05-24,Biến dòng điện,500,DC-BI-01,12,13,1,12,3.9,0.9,327.0,13.4,1.0833,0.0769,3.0769,Cần kiểm tra,
SX-20260524-DC-BU-01,2026-05-24,Biến điện áp,110,DC-BU-01,17,15,0,15,3.2,1.3,449.0,20.9,0.8824,0.0,4.6875,Dưới kế hoạch,
SX-20260525-DC-MBA-01,2026-05-25,Máy biến áp lực,500,DC-MBA-01,4,4,0,4,9.2,0.2,962.0,21.9,1.0,0.0,0.4348,Đạt,
SX-20260525-DC-MC-01,2026-05-25,Máy cắt cao áp,110,DC-MC-01,23,20,1,19,8.2,1.9,1171.0,46.3,0.8696,0.05,2.3171,Cần kiểm tra,
SX-20260525-DC-DCL-01,2026-05-25,Dao cách ly,220,DC-DCL-01,23,25,1,24,10.0,1.6,801.0,40.9,1.087,0.04,2.4,Cần kiểm tra,
SX-20260525-DC-CSV-01,2026-05-25,Chống sét van,500,DC-CSV-01,34,35,1,34,7.8,1.7,544.0,29.6,1.0294,0.0286,4.359,Đạt,
SX-20260525-DC-BI-01,2026-05-25,Biến dòng điện,110,DC-BI-01,44,43,1,42,8.6,0.1,978.0,50.9,0.9773,0.0233,4.8837,Đạt,
SX-20260525-DC-BU-01,2026-05-25,Biến điện áp,220,DC-BU-01,33,34,0,34,7.4,1.4,1044.0,42.6,1.0303,0.0,4.5946,Đạt,
SX-20260526-DC-MBA-01,2026-05-26,Máy biến áp lực,110,DC-MBA-01,7,7,0,7,9.2,1.2,1642.0,43.7,1.0,0.0,0.7609,Đạt,
SX-20260526-DC-MC-01,2026-05-26,Máy cắt cao áp,220,DC-MC-01,18,16,1,15,9.8,1.0,1002.0,39.2,0.8889,0.0625,1.5306,Cần kiểm tra,
SX-20260526-DC-DCL-01,2026-05-26,Dao cách ly,500,DC-DCL-01,18,20,1,19,7.6,1.0,683.0,31.3,1.1111,0.05,2.5,Cần kiểm tra,
SX-20260526-DC-CSV-01,2026-05-26,Chống sét van,110,DC-CSV-01,58,57,3,54,10.2,0.9,822.0,43.5,0.9828,0.0526,5.2941,Cần kiểm tra,
SX-20260526-DC-BI-01,2026-05-26,Biến dòng điện,220,DC-BI-01,36,38,1,37,7.7,0.4,918.0,39.9,1.0556,0.0263,4.8052,Đạt,
SX-20260526-DC-BU-01,2026-05-26,Biến điện áp,500,DC-BU-01,23,19,1,18,7.2,2.0,568.0,26.2,0.8261,0.0526,2.5,Cần kiểm tra,
SX-20260527-DC-MBA-01,2026-05-27,Máy biến áp lực,220,DC-MBA-01,6,5,0,5,7.6,1.9,1273.0,30.9,0.8333,0.0,0.6579,Dưới kế hoạch,
SX-20260527-DC-MC-01,2026-05-27,Máy cắt cao áp,500,DC-MC-01,13,12,0,12,9.4,0.4,666.0,29.4,0.9231,0.0,1.2766,Đạt,
SX-20260527-DC-DCL-01,2026-05-27,Dao cách ly,110,DC-DCL-01,28,30,1,29,7.3,1.0,979.0,50.5,1.0714,0.0333,3.9726,Cần kiểm tra,
SX-20260527-DC-CSV-01,2026-05-27,Chống sét van,220,DC-CSV-01,51,53,2,51,7.0,1.5,806.0,41.7,1.0392,0.0377,7.2857,Cần kiểm tra,
SX-20260527-DC-BI-01,2026-05-27,Biến dòng điện,500,DC-BI-01,29,27,1,26,10.2,1.0,682.0,29.1,0.931,0.037,2.549,Cần kiểm tra,
SX-20260527-DC-BU-01,2026-05-27,Biến điện áp,110,DC-BU-01,41,42,1,41,7.5,1.0,1313.0,51.5,1.0244,0.0238,5.4667,Đạt,
SX-20260528-DC-MBA-01,2026-05-28,Máy biến áp lực,500,DC-MBA-01,4,4,0,4,7.1,0.3,989.0,24.1,1.0,0.0,0.5634,Đạt,
SX-20260528-DC-MC-01,2026-05-28,Máy cắt cao áp,110,DC-MC-01,22,23,1,22,7.3,0.9,1438.0,52.6,1.0455,0.0435,3.0137,Cần kiểm tra,
SX-20260528-DC-DCL-01,2026-05-28,Dao cách ly,220,DC-DCL-01,25,26,1,25,7.1,0.6,930.0,42.3,1.04,0.0385,3.5211,Cần kiểm tra,
SX-20260528-DC-CSV-01,2026-05-28,Chống sét van,500,DC-CSV-01,39,43,2,41,7.5,1.6,741.0,36.9,1.1026,0.0465,5.4667,Cần kiểm tra,
SX-20260528-DC-BI-01,2026-05-28,Biến dòng điện,110,DC-BI-01,44,45,1,44,9.1,1.6,968.0,51.1,1.0227,0.0222,4.8352,Đạt,
SX-20260528-DC-BU-01,2026-05-28,Biến điện áp,220,DC-BU-01,32,32,1,31,10.0,0.6,895.0,42.6,1.0,0.0312,3.1,Cần kiểm tra,
SX-20260529-DC-MBA-01,2026-05-29,Máy biến áp lực,110,DC-MBA-01,7,7,0,7,8.7,0.8,1682.0,42.0,1.0,0.0,0.8046,Đạt,
SX-20260529-DC-MC-01,2026-05-29,Máy cắt cao áp,220,DC-MC-01,17,18,1,17,8.5,1.4,1083.0,39.9,1.0588,0.0556,2.0,Cần kiểm tra,
SX-20260529-DC-DCL-01,2026-05-29,Dao cách ly,500,DC-DCL-01,18,18,0,18,7.8,0.9,612.0,31.5,1.0,0.0,2.3077,Đạt,
SX-20260529-DC-CSV-01,2026-05-29,Chống sét van,110,DC-CSV-01,58,55,1,54,7.5,1.2,868.0,41.2,0.9483,0.0182,7.2,Đạt,
SX-20260529-DC-BI-01,2026-05-29,Biến dòng điện,220,DC-BI-01,38,42,1,41,7.1,0.3,1018.0,47.7,1.1053,0.0238,5.7746,Đạt,
SX-20260529-DC-BU-01,2026-05-29,Biến điện áp,500,DC-BU-01,22,22,1,21,9.2,1.1,689.0,26.6,1.0,0.0455,2.2826,Cần kiểm tra,
SX-20260530-DC-MBA-01,2026-05-30,Máy biến áp lực,220,DC-MBA-01,4,4,0,4,5.8,1.4,962.0,23.0,1.0,0.0,0.6897,Đạt,
SX-20260530-DC-MC-01,2026-05-30,Máy cắt cao áp,500,DC-MC-01,8,8,0,8,5.6,0.5,500.0,19.2,1.0,0.0,1.4286,Đạt,
SX-20260530-DC-DCL-01,2026-05-30,Dao cách ly,110,DC-DCL-01,18,17,1,16,4.4,0.9,564.0,29.1,0.9444,0.0588,3.6364,Cần kiểm tra,
SX-20260530-DC-CSV-01,2026-05-30,Chống sét van,220,DC-CSV-01,33,33,2,31,5.9,1.5,476.0,28.1,1.0,0.0606,5.2542,Cần kiểm tra,
SX-20260530-DC-BI-01,2026-05-30,Biến dòng điện,500,DC-BI-01,17,17,0,17,5.6,1.6,370.0,18.9,1.0,0.0,3.0357,Đạt,
SX-20260530-DC-BU-01,2026-05-30,Biến điện áp,110,DC-BU-01,25,28,0,28,6.2,0.7,794.0,34.4,1.12,0.0,4.5161,Đạt,
SX-20260531-DC-MBA-01,2026-05-31,Máy biến áp lực,500,DC-MBA-01,2,2,0,2,3.8,1.0,481.0,11.7,1.0,0.0,0.5263,Đạt,
SX-20260531-DC-MC-01,2026-05-31,Máy cắt cao áp,110,DC-MC-01,10,9,0,9,3.1,1.4,507.0,21.3,0.9,0.0,2.9032,Đạt,
SX-20260531-DC-DCL-01,2026-05-31,Dao cách ly,220,DC-DCL-01,10,10,0,10,3.4,1.1,309.0,17.8,1.0,0.0,2.9412,Đạt,
SX-20260531-DC-CSV-01,2026-05-31,Chống sét van,500,DC-CSV-01,15,15,0,15,4.2,1.7,245.0,12.0,1.0,0.0,3.5714,Đạt,
SX-20260531-DC-BI-01,2026-05-31,Biến dòng điện,110,DC-BI-01,20,17,1,16,4.2,0.7,388.0,19.6,0.85,0.0588,3.8095,Cần kiểm tra,
SX-20260531-DC-BU-01,2026-05-31,Biến điện áp,220,DC-BU-01,12,11,0,11,3.3,0.5,318.0,15.4,0.9167,0.0,3.3333,Đạt,
SX-20260601-DC-MBA-01,2026-06-01,Máy biến áp lực,110,DC-MBA-01,1,7,0,7,7.8,1.3,1691.0,41.5,7.0,0.0,0.8974,Đạt,
SX-20260601-DC-MC-01,2026-06-01,Máy cắt cao áp,220,DC-MC-01,1,14,0,14,9.9,1.8,857.0,36.1,14.0,0.0,1.4141,Đạt,
SX-20260601-DC-DCL-01,2026-06-01,Dao cách ly,500,DC-DCL-01,1,16,0,16,7.3,0.6,551.0,26.2,16.0,0.0,2.1918,Đạt,
SX-20260601-DC-CSV-01,2026-06-01,Chống sét van,110,DC-CSV-01,1,48,2,46,9.2,1.2,836.0,38.5,48.0,0.0417,5.0,Cần kiểm tra,
SX-20260601-DC-BI-01,2026-06-01,Biến dòng điện,220,DC-BI-01,1,31,1,30,10.1,1.2,738.0,31.4,31.0,0.0323,2.9703,Cần kiểm tra,
SX-20260601-DC-BU-01,2026-06-01,Biến điện áp,500,DC-BU-01,1,20,0,20,9.9,1.3,585.0,27.2,20.0,0.0,2.0202,Đạt,
SX-20260602-DC-MBA-01,2026-06-02,Máy biến áp lực,220,DC-MBA-01,1,6,0,6,10.1,1.7,1583.0,36.6,6.0,0.0,0.5941,Đạt,
SX-20260602-DC-MC-01,2026-06-02,Máy cắt cao áp,500,DC-MC-01,1,13,0,13,9.1,1.3,698.0,33.1,13.0,0.0,1.4286,Đạt,
SX-20260602-DC-DCL-01,2026-06-02,Dao cách ly,110,DC-DCL-01,29,26,1,25,7.1,1.3,843.0,46.2,0.8966,0.0385,3.5211,Cần kiểm tra,
SX-20260602-DC-CSV-01,2026-06-02,Chống sét van,220,DC-CSV-01,52,53,3,50,9.9,0.8,779.0,40.9,1.0192,0.0566,5.0505,Cần kiểm tra,
SX-20260602-DC-BI-01,2026-06-02,Biến dòng điện,500,DC-BI-01,27,25,1,24,8.4,1.0,582.0,25.4,0.9259,0.04,2.8571,Cần kiểm tra,
SX-20260602-DC-BU-01,2026-06-02,Biến điện áp,110,DC-BU-01,38,32,1,31,8.5,1.8,943.0,44.4,0.8421,0.0312,3.6471,Cần kiểm tra,
SX-20260603-DC-MBA-01,2026-06-03,Máy biến áp lực,500,DC-MBA-01,4,4,0,4,10.1,0.9,947.0,22.1,1.0,0.0,0.396,Đạt,
SX-20260603-DC-MC-01,2026-06-03,Máy cắt cao áp,110,DC-MC-01,21,18,1,17,8.5,1.2,1147.0,45.6,0.8571,0.0556,2.0,Cần kiểm tra,
SX-20260603-DC-DCL-01,2026-06-03,Dao cách ly,220,DC-DCL-01,21,21,1,20,7.3,1.4,670.0,34.4,1.0,0.0476,2.7397,Cần kiểm tra,
SX-20260603-DC-CSV-01,2026-06-03,Chống sét van,500,DC-CSV-01,35,33,0,33,9.2,1.3,518.0,27.7,0.9429,0.0,3.587,Đạt,
SX-20260603-DC-BI-01,2026-06-03,Biến dòng điện,110,DC-BI-01,42,41,2,39,8.3,1.6,902.0,46.3,0.9762,0.0488,4.6988,Cần kiểm tra,
SX-20260603-DC-BU-01,2026-06-03,Biến điện áp,220,DC-BU-01,28,30,0,30,8.8,0.6,844.0,40.0,1.0714,0.0,3.4091,Đạt,
SX-20260604-DC-MBA-01,2026-06-04,Máy biến áp lực,110,DC-MBA-01,7,6,0,6,8.8,1.0,1477.0,32.3,0.8571,0.0,0.6818,Dưới kế hoạch,
SX-20260604-DC-MC-01,2026-06-04,Máy cắt cao áp,220,DC-MC-01,16,16,0,16,7.3,1.2,996.0,38.5,1.0,0.0,2.1918,Đạt,
SX-20260604-DC-DCL-01,2026-06-04,Dao cách ly,500,DC-DCL-01,17,17,1,16,7.1,0.4,622.0,30.1,1.0,0.0588,2.2535,Cần kiểm tra,
SX-20260604-DC-CSV-01,2026-06-04,Chống sét van,110,DC-CSV-01,60,54,2,52,8.9,1.1,856.0,43.8,0.9,0.037,5.8427,Cần kiểm tra,
SX-20260604-DC-BI-01,2026-06-04,Biến dòng điện,220,DC-BI-01,34,31,1,30,8.9,0.3,681.0,35.2,0.9118,0.0323,3.3708,Cần kiểm tra,
SX-20260604-DC-BU-01,2026-06-04,Biến điện áp,500,DC-BU-01,22,23,1,22,8.1,0.6,679.0,31.1,1.0455,0.0435,2.716,Cần kiểm tra,
SX-20260605-DC-MBA-01,2026-06-05,Máy biến áp lực,220,DC-MBA-01,6,6,0,6,9.7,1.5,1405.0,37.6,1.0,0.0,0.6186,Đạt,
SX-20260605-DC-MC-01,2026-06-05,Máy cắt cao áp,500,DC-MC-01,13,14,0,14,9.3,0.5,814.0,33.3,1.0769,0.0,1.5054,Đạt,
SX-20260605-DC-DCL-01,2026-06-05,Dao cách ly,110,DC-DCL-01,26,29,0,29,7.3,1.7,1006.0,49.8,1.1154,0.0,3.9726,Đạt,
SX-20260605-DC-CSV-01,2026-06-05,Chống sét van,220,DC-CSV-01,50,51,2,49,9.0,0.3,849.0,42.3,1.02,0.0392,5.4444,Cần kiểm tra,
SX-20260605-DC-BI-01,2026-06-05,Biến dòng điện,500,DC-BI-01,24,27,1,26,7.1,0.6,618.0,31.0,1.125,0.037,3.662,Cần kiểm tra,
SX-20260605-DC-BU-01,2026-06-05,Biến điện áp,110,DC-BU-01,34,29,1,28,7.3,1.8,923.0,40.0,0.8529,0.0345,3.8356,Cần kiểm tra,
SX-20260606-DC-MBA-01,2026-06-06,Máy biến áp lực,500,DC-MBA-01,3,3,0,3,5.8,1.5,691.0,18.0,1.0,0.0,0.5172,Đạt,
SX-20260606-DC-MC-01,2026-06-06,Máy cắt cao áp,110,DC-MC-01,12,13,1,12,4.5,0.9,757.0,33.6,1.0833,0.0769,2.6667,Cần kiểm tra,
SX-20260606-DC-DCL-01,2026-06-06,Dao cách ly,220,DC-DCL-01,15,14,1,13,6.2,1.8,523.0,22.3,0.9333,0.0714,2.0968,Cần kiểm tra,
SX-20260606-DC-CSV-01,2026-06-06,Chống sét van,500,DC-CSV-01,20,19,0,19,5.4,1.3,309.0,16.2,0.95,0.0,3.5185,Đạt,
SX-20260606-DC-BI-01,2026-06-06,Biến dòng điện,110,DC-BI-01,27,29,0,29,6.2,0.5,642.0,34.1,1.0741,0.0,4.6774,Đạt,
SX-20260606-DC-BU-01,2026-06-06,Biến điện áp,220,DC-BU-01,18,18,0,18,5.8,0.1,487.0,22.8,1.0,0.0,3.1034,Đạt,
SX-20260607-DC-MBA-01,2026-06-07,Máy biến áp lực,110,DC-MBA-01,3,3,0,3,3.8,0.4,689.0,17.3,1.0,0.0,0.7895,Đạt,
SX-20260607-DC-MC-01,2026-06-07,Máy cắt cao áp,220,DC-MC-01,7,7,0,7,3.1,0.2,434.0,15.6,1.0,0.0,2.2581,Đạt,
SX-20260607-DC-DCL-01,2026-06-07,Dao cách ly,500,DC-DCL-01,7,7,0,7,3.3,0.9,259.0,11.0,1.0,0.0,2.1212,Đạt,
SX-20260607-DC-CSV-01,2026-06-07,Chống sét van,110,DC-CSV-01,24,23,0,23,4.0,1.2,365.0,18.4,0.9583,0.0,5.75,Đạt,
SX-20260607-DC-BI-01,2026-06-07,Biến dòng điện,220,DC-BI-01,14,15,0,15,3.7,0.7,332.0,16.4,1.0714,0.0,4.0541,Đạt,
SX-20260607-DC-BU-01,2026-06-07,Biến điện áp,500,DC-BU-01,9,8,0,8,3.5,1.2,251.0,11.0,0.8889,0.0,2.2857,Dưới kế hoạch,
SX-20260608-DC-MBA-01,2026-06-08,Máy biến áp lực,220,DC-MBA-01,6,5,0,5,8.8,0.8,1284.0,29.6,0.8333,0.0,0.5682,Dưới kế hoạch,
SX-20260608-DC-MC-01,2026-06-08,Máy cắt cao áp,500,DC-MC-01,12,12,0,12,7.1,1.2,660.0,26.6,1.0,0.0,1.6901,Đạt,
SX-20260608-DC-DCL-01,2026-06-08,Dao cách ly,110,DC-DCL-01,26,29,1,28,10.1,1.1,934.0,50.6,1.1154,0.0345,2.7723,Cần kiểm tra,
SX-20260608-DC-CSV-01,2026-06-08,Chống sét van,220,DC-CSV-01,48,52,1,51,7.6,0.4,807.0,40.1,1.0833,0.0192,6.7105,Đạt,
SX-20260608-DC-BI-01,2026-06-08,Biến dòng điện,500,DC-BI-01,25,27,0,27,7.9,0.6,646.0,28.1,1.08,0.0,3.4177,Đạt,
SX-20260608-DC-BU-01,2026-06-08,Biến điện áp,110,DC-BU-01,34,34,1,33,7.5,1.7,940.0,41.9,1.0,0.0294,4.4,Đạt,
SX-20260609-DC-MBA-01,2026-06-09,Máy biến áp lực,500,DC-MBA-01,4,4,0,4,7.3,0.9,921.0,24.2,1.0,0.0,0.5479,Đạt,
SX-20260609-DC-MC-01,2026-06-09,Máy cắt cao áp,110,DC-MC-01,19,21,1,20,8.8,0.8,1316.0,48.6,1.1053,0.0476,2.2727,Cần kiểm tra,
SX-20260609-DC-DCL-01,2026-06-09,Dao cách ly,220,DC-DCL-01,24,23,1,22,9.9,1.2,801.0,38.3,0.9583,0.0435,2.2222,Cần kiểm tra,
SX-20260609-DC-CSV-01,2026-06-09,Chống sét van,500,DC-CSV-01,34,38,1,37,7.8,1.2,592.0,31.7,1.1176,0.0263,4.7436,Đạt,
SX-20260609-DC-BI-01,2026-06-09,Biến dòng điện,110,DC-BI-01,45,46,2,44,10.0,1.1,1090.0,54.5,1.0222,0.0435,4.4,Cần kiểm tra,
SX-20260609-DC-BU-01,2026-06-09,Biến điện áp,220,DC-BU-01,30,28,1,27,9.6,0.4,786.0,36.3,0.9333,0.0357,2.8125,Cần kiểm tra,
SX-20260610-DC-MBA-01,2026-06-10,Máy biến áp lực,110,DC-MBA-01,8,7,0,7,7.9,1.8,1533.0,38.3,0.875,0.0,0.8861,Dưới kế hoạch,
SX-20260610-DC-MC-01,2026-06-10,Máy cắt cao áp,220,DC-MC-01,16,17,1,16,9.8,1.7,896.0,39.2,1.0625,0.0588,1.6327,Cần kiểm tra,
SX-20260610-DC-DCL-01,2026-06-10,Dao cách ly,500,DC-DCL-01,15,16,1,15,7.2,0.6,577.0,26.0,1.0667,0.0625,2.0833,Cần kiểm tra,
SX-20260610-DC-CSV-01,2026-06-10,Chống sét van,110,DC-CSV-01,56,56,2,54,8.0,0.7,907.0,45.8,1.0,0.0357,6.75,Cần kiểm tra,
SX-20260610-DC-BI-01,2026-06-10,Biến dòng điện,220,DC-BI-01,38,35,1,34,7.8,0.8,777.0,40.4,0.9211,0.0286,4.359,Đạt,
SX-20260610-DC-BU-01,2026-06-10,Biến điện áp,500,DC-BU-01,20,21,1,20,9.3,1.2,668.0,26.4,1.05,0.0476,2.1505,Cần kiểm tra,
SX-20260611-DC-MBA-01,2026-06-11,Máy biến áp lực,220,DC-MBA-01,6,6,0,6,7.7,0.2,1486.0,34.4,1.0,0.0,0.7792,Đạt,
SX-20260611-DC-MC-01,2026-06-11,Máy cắt cao áp,500,DC-MC-01,11,11,0,11,7.2,1.2,663.0,26.1,1.0,0.0,1.5278,Đạt,
SX-20260611-DC-DCL-01,2026-06-11,Dao cách ly,110,DC-DCL-01,27,26,0,26,9.1,0.5,966.0,41.2,0.963,0.0,2.8571,Đạt,
SX-20260611-DC-CSV-01,2026-06-11,Chống sét van,220,DC-CSV-01,45,38,1,37,9.6,2.3,665.0,31.1,0.8444,0.0263,3.8542,Dưới kế hoạch,
SX-20260611-DC-BI-01,2026-06-11,Biến dòng điện,500,DC-BI-01,27,23,1,22,9.0,0.9,578.0,27.0,0.8519,0.0435,2.4444,Cần kiểm tra,
SX-20260611-DC-BU-01,2026-06-11,Biến điện áp,110,DC-BU-01,38,32,1,31,8.7,0.8,856.0,39.4,0.8421,0.0312,3.5632,Cần kiểm tra,
SX-20260612-DC-MBA-01,2026-06-12,Máy biến áp lực,500,DC-MBA-01,4,4,0,4,10.2,0.4,864.0,22.1,1.0,0.0,0.3922,Đạt,
SX-20260612-DC-MC-01,2026-06-12,Máy cắt cao áp,110,DC-MC-01,21,18,0,18,9.6,1.4,1072.0,40.1,0.8571,0.0,1.875,Dưới kế hoạch,
SX-20260612-DC-DCL-01,2026-06-12,Dao cách ly,220,DC-DCL-01,23,25,0,25,8.2,0.8,780.0,40.8,1.087,0.0,3.0488,Đạt,
SX-20260612-DC-CSV-01,2026-06-12,Chống sét van,500,DC-CSV-01,32,31,1,30,9.2,1.7,496.0,24.3,0.9688,0.0323,3.2609,Cần kiểm tra,
SX-20260612-DC-BI-01,2026-06-12,Biến dòng điện,110,DC-BI-01,45,41,1,40,7.8,0.6,913.0,43.7,0.9111,0.0244,5.1282,Đạt,
SX-20260612-DC-BU-01,2026-06-12,Biến điện áp,220,DC-BU-01,30,32,1,31,8.7,0.7,903.0,38.6,1.0667,0.0312,3.5632,Cần kiểm tra,
SX-20260613-DC-MBA-01,2026-06-13,Máy biến áp lực,110,DC-MBA-01,4,4,0,4,5.8,0.5,939.0,21.8,1.0,0.0,0.6897,Đạt,
SX-20260613-DC-MC-01,2026-06-13,Máy cắt cao áp,220,DC-MC-01,11,9,0,9,4.6,1.5,487.0,20.9,0.8182,0.0,1.9565,Dưới kế hoạch,
SX-20260613-DC-DCL-01,2026-06-13,Dao cách ly,500,DC-DCL-01,10,9,0,9,4.5,0.7,297.0,14.2,0.9,0.0,2.0,Đạt,
SX-20260613-DC-CSV-01,2026-06-13,Chống sét van,110,DC-CSV-01,39,43,1,42,5.8,0.1,744.0,32.4,1.1026,0.0233,7.2414,Đạt,
SX-20260613-DC-BI-01,2026-06-13,Biến dòng điện,220,DC-BI-01,21,19,0,19,4.6,0.9,419.0,21.0,0.9048,0.0,4.1304,Đạt,
SX-20260613-DC-BU-01,2026-06-13,Biến điện áp,500,DC-BU-01,13,14,0,14,4.7,1.1,403.0,18.8,1.0769,0.0,2.9787,Đạt,
SX-20260614-DC-MBA-01,2026-06-14,Máy biến áp lực,220,DC-MBA-01,2,2,0,2,3.3,0.3,518.0,12.5,1.0,0.0,0.6061,Đạt,
SX-20260614-DC-MC-01,2026-06-14,Máy cắt cao áp,500,DC-MC-01,5,4,0,4,3.4,2.0,234.0,9.1,0.8,0.0,1.1765,Dưới kế hoạch,
SX-20260614-DC-DCL-01,2026-06-14,Dao cách ly,110,DC-DCL-01,11,12,1,11,4.1,0.4,372.0,21.4,1.0909,0.0833,2.6829,Cần kiểm tra,
SX-20260614-DC-CSV-01,2026-06-14,Chống sét van,220,DC-CSV-01,21,22,0,22,3.8,1.1,330.0,17.5,1.0476,0.0,5.7895,Đạt,
SX-20260614-DC-BI-01,2026-06-14,Biến dòng điện,500,DC-BI-01,11,12,0,12,4.2,1.0,269.0,12.5,1.0909,0.0,2.8571,Đạt,
SX-20260614-DC-BU-01,2026-06-14,Biến điện áp,110,DC-BU-01,17,17,1,16,3.4,0.2,503.0,23.3,1.0,0.0588,4.7059,Cần kiểm tra,
SX-20260615-DC-MBA-01,2026-06-15,Máy biến áp lực,500,DC-MBA-01,4,3,0,3,7.4,1.1,696.0,16.9,0.75,0.0,0.4054,Dưới kế hoạch,
SX-20260615-DC-MC-01,2026-06-15,Máy cắt cao áp,110,DC-MC-01,21,21,1,20,10.1,0.4,1161.0,50.6,1.0,0.0476,1.9802,Cần kiểm tra,
SX-20260615-DC-DCL-01,2026-06-15,Dao cách ly,220,DC-DCL-01,22,20,0,20,9.5,1.1,668.0,35.9,0.9091,0.0,2.1053,Đạt,
SX-20260615-DC-CSV-01,2026-06-15,Chống sét van,500,DC-CSV-01,33,31,1,30,7.7,0.6,493.0,25.5,0.9394,0.0323,3.8961,Cần kiểm tra,
SX-20260615-DC-BI-01,2026-06-15,Biến dòng điện,110,DC-BI-01,40,36,0,36,9.8,0.5,883.0,37.6,0.9,0.0,3.6735,Đạt,
SX-20260615-DC-BU-01,2026-06-15,Biến điện áp,220,DC-BU-01,32,27,1,26,9.6,1.8,847.0,33.6,0.8438,0.037,2.7083,Cần kiểm tra,
SX-20260616-DC-MBA-01,2026-06-16,Máy biến áp lực,110,DC-MBA-01,7,6,0,6,10.1,2.2,1553.0,34.0,0.8571,0.0,0.5941,Dưới kế hoạch,
SX-20260616-DC-MC-01,2026-06-16,Máy cắt cao áp,220,DC-MC-01,16,18,0,18,9.1,1.6,986.0,46.2,1.125,0.0,1.978,Đạt,
SX-20260616-DC-DCL-01,2026-06-16,Dao cách ly,500,DC-DCL-01,16,18,1,17,7.3,0.9,641.0,28.9,1.125,0.0556,2.3288,Cần kiểm tra,
SX-20260616-DC-CSV-01,2026-06-16,Chống sét van,110,DC-CSV-01,61,67,2,65,7.8,1.7,1179.0,52.8,1.0984,0.0299,8.3333,Đạt,
SX-20260616-DC-BI-01,2026-06-16,Biến dòng điện,220,DC-BI-01,35,35,1,34,7.7,1.5,736.0,35.9,1.0,0.0286,4.4156,Đạt,
SX-20260616-DC-BU-01,2026-06-16,Biến điện áp,500,DC-BU-01,21,20,0,20,8.9,0.4,542.0,26.7,0.9524,0.0,2.2472,Đạt,
SX-20260617-DC-MBA-01,2026-06-17,Máy biến áp lực,220,DC-MBA-01,6,5,0,5,9.7,1.3,1212.0,29.8,0.8333,0.0,0.5155,Dưới kế hoạch,
SX-20260617-DC-MC-01,2026-06-17,Máy cắt cao áp,500,DC-MC-01,12,11,0,11,7.7,0.3,606.0,25.7,0.9167,0.0,1.4286,Đạt,
SX-20260617-DC-DCL-01,2026-06-17,Dao cách ly,110,DC-DCL-01,26,24,1,23,9.8,1.2,806.0,43.4,0.9231,0.0417,2.3469,Cần kiểm tra,
SX-20260617-DC-CSV-01,2026-06-17,Chống sét van,220,DC-CSV-01,50,44,1,43,7.1,0.8,668.0,35.2,0.88,0.0227,6.0563,Dưới kế hoạch,
SX-20260617-DC-BI-01,2026-06-17,Biến dòng điện,500,DC-BI-01,27,24,0,24,9.6,2.0,568.0,25.3,0.8889,0.0,2.5,Dưới kế hoạch,
SX-20260617-DC-BU-01,2026-06-17,Biến điện áp,110,DC-BU-01,36,39,1,38,7.3,1.0,1165.0,54.2,1.0833,0.0256,5.2055,Đạt,
SX-20260618-DC-MBA-01,2026-06-18,Máy biến áp lực,500,DC-MBA-01,4,4,0,4,9.7,1.0,950.0,24.3,1.0,0.0,0.4124,Đạt,
SX-20260618-DC-MC-01,2026-06-18,Máy cắt cao áp,110,DC-MC-01,21,18,1,17,8.9,1.2,1083.0,41.8,0.8571,0.0556,1.9101,Cần kiểm tra,
SX-20260618-DC-DCL-01,2026-06-18,Dao cách ly,220,DC-DCL-01,24,22,1,21,8.2,0.5,777.0,38.7,0.9167,0.0455,2.561,Cần kiểm tra,
SX-20260618-DC-CSV-01,2026-06-18,Chống sét van,500,DC-CSV-01,35,33,2,31,7.3,1.3,551.0,27.5,0.9429,0.0606,4.2466,Cần kiểm tra,
SX-20260618-DC-BI-01,2026-06-18,Biến dòng điện,110,DC-BI-01,46,41,1,40,9.2,1.0,871.0,48.3,0.8913,0.0244,4.3478,Dưới kế hoạch,
SX-20260618-DC-BU-01,2026-06-18,Biến điện áp,220,DC-BU-01,29,32,1,31,8.1,0.9,885.0,39.1,1.1034,0.0312,3.8272,Cần kiểm tra,
SX-20260619-DC-MBA-01,2026-06-19,Máy biến áp lực,110,DC-MBA-01,7,7,0,7,7.3,1.0,1826.0,38.9,1.0,0.0,0.9589,Đạt,
SX-20260619-DC-MC-01,2026-06-19,Máy cắt cao áp,220,DC-MC-01,17,15,0,15,9.5,1.4,910.0,38.5,0.8824,0.0,1.5789,Dưới kế hoạch,
SX-20260619-DC-DCL-01,2026-06-19,Dao cách ly,500,DC-DCL-01,16,14,0,14,8.8,1.4,438.0,23.9,0.875,0.0,1.5909,Dưới kế hoạch,
SX-20260619-DC-CSV-01,2026-06-19,Chống sét van,110,DC-CSV-01,57,55,1,54,8.5,1.7,890.0,41.4,0.9649,0.0182,6.3529,Đạt,
SX-20260619-DC-BI-01,2026-06-19,Biến dòng điện,220,DC-BI-01,36,34,2,32,9.6,1.3,790.0,35.0,0.9444,0.0588,3.3333,Cần kiểm tra,
SX-20260619-DC-BU-01,2026-06-19,Biến điện áp,500,DC-BU-01,22,24,0,24,8.0,1.3,692.0,32.6,1.0909,0.0,3.0,Đạt,
SX-20260620-DC-MBA-01,2026-06-20,Máy biến áp lực,220,DC-MBA-01,3,3,0,3,5.4,1.5,655.0,16.8,1.0,0.0,0.5556,Đạt,
SX-20260620-DC-MC-01,2026-06-20,Máy cắt cao áp,500,DC-MC-01,8,8,0,8,4.4,1.8,479.0,19.6,1.0,0.0,1.8182,Đạt,
SX-20260620-DC-DCL-01,2026-06-20,Dao cách ly,110,DC-DCL-01,17,16,1,15,4.8,0.8,574.0,28.1,0.9412,0.0625,3.125,Cần kiểm tra,
SX-20260620-DC-CSV-01,2026-06-20,Chống sét van,220,DC-CSV-01,31,26,0,26,4.7,1.7,436.0,19.9,0.8387,0.0,5.5319,Dưới kế hoạch,
SX-20260620-DC-BI-01,2026-06-20,Biến dòng điện,500,DC-BI-01,15,13,0,13,4.4,1.6,299.0,13.3,0.8667,0.0,2.9545,Dưới kế hoạch,
SX-20260620-DC-BU-01,2026-06-20,Biến điện áp,110,DC-BU-01,21,21,0,21,5.3,1.2,585.0,26.8,1.0,0.0,3.9623,Đạt,
SX-20260621-DC-MBA-01,2026-06-21,Máy biến áp lực,500,DC-MBA-01,2,2,0,2,3.5,1.7,493.0,10.9,1.0,0.0,0.5714,Đạt,
SX-20260621-DC-MC-01,2026-06-21,Máy cắt cao áp,110,DC-MC-01,9,10,0,10,3.6,0.2,586.0,23.4,1.1111,0.0,2.7778,Đạt,
SX-20260621-DC-DCL-01,2026-06-21,Dao cách ly,220,DC-DCL-01,9,9,0,9,4.2,1.7,301.0,14.9,1.0,0.0,2.1429,Đạt,
SX-20260621-DC-CSV-01,2026-06-21,Chống sét van,500,DC-CSV-01,14,14,1,13,3.8,1.1,218.0,12.0,1.0,0.0714,3.4211,Cần kiểm tra,
SX-20260621-DC-BI-01,2026-06-21,Biến dòng điện,110,DC-BI-01,18,16,0,16,4.1,2.0,340.0,17.8,0.8889,0.0,3.9024,Dưới kế hoạch,
SX-20260621-DC-BU-01,2026-06-21,Biến điện áp,220,DC-BU-01,13,11,0,11,3.0,1.1,292.0,15.0,0.8462,0.0,3.6667,Dưới kế hoạch,
SX-20260622-DC-MBA-01,2026-06-22,Máy biến áp lực,110,DC-MBA-01,8,9,0,9,8.5,1.1,2334.0,55.5,1.125,0.0,1.0588,Đạt,
SX-20260622-DC-MC-01,2026-06-22,Máy cắt cao áp,220,DC-MC-01,17,18,1,17,9.0,0.8,1021.0,43.7,1.0588,0.0556,1.8889,Cần kiểm tra,
SX-20260622-DC-DCL-01,2026-06-22,Dao cách ly,500,DC-DCL-01,17,15,0,15,9.1,1.7,523.0,24.2,0.8824,0.0,1.6484,Dưới kế hoạch,
SX-20260622-DC-CSV-01,2026-06-22,Chống sét van,110,DC-CSV-01,58,50,1,49,8.2,1.1,858.0,38.1,0.8621,0.02,5.9756,Dưới kế hoạch,
SX-20260622-DC-BI-01,2026-06-22,Biến dòng điện,220,DC-BI-01,36,38,1,37,9.6,1.1,898.0,44.0,1.0556,0.0263,3.8542,Đạt,
SX-20260622-DC-BU-01,2026-06-22,Biến điện áp,500,DC-BU-01,21,22,0,22,8.8,1.7,621.0,26.4,1.0476,0.0,2.5,Đạt,
SX-20260623-DC-MBA-01,2026-06-23,Máy biến áp lực,220,DC-MBA-01,6,6,0,6,9.6,0.6,1349.0,33.5,1.0,0.0,0.625,Đạt,
SX-20260623-DC-MC-01,2026-06-23,Máy cắt cao áp,500,DC-MC-01,11,12,1,11,9.6,1.2,761.0,28.9,1.0909,0.0833,1.1458,Cần kiểm tra,
SX-20260623-DC-DCL-01,2026-06-23,Dao cách ly,110,DC-DCL-01,26,23,1,22,9.9,1.4,723.0,38.1,0.8846,0.0435,2.2222,Cần kiểm tra,
SX-20260623-DC-CSV-01,2026-06-23,Chống sét van,220,DC-CSV-01,50,49,1,48,8.6,1.3,815.0,39.6,0.98,0.0204,5.5814,Đạt,
SX-20260623-DC-BI-01,2026-06-23,Biến dòng điện,500,DC-BI-01,25,26,1,25,7.1,0.6,642.0,29.3,1.04,0.0385,3.5211,Cần kiểm tra,
SX-20260623-DC-BU-01,2026-06-23,Biến điện áp,110,DC-BU-01,39,39,2,37,7.6,1.1,1048.0,48.1,1.0,0.0513,4.8684,Cần kiểm tra,
SX-20260624-DC-MBA-01,2026-06-24,Máy biến áp lực,500,DC-MBA-01,4,4,0,4,7.5,0.8,1009.0,22.6,1.0,0.0,0.5333,Đạt,
SX-20260624-DC-MC-01,2026-06-24,Máy cắt cao áp,110,DC-MC-01,20,18,0,18,8.5,0.9,1074.0,42.6,0.9,0.0,2.1176,Đạt,
SX-20260624-DC-DCL-01,2026-06-24,Dao cách ly,220,DC-DCL-01,22,24,1,23,9.2,0.8,868.0,43.4,1.0909,0.0417,2.5,Cần kiểm tra,
SX-20260624-DC-CSV-01,2026-06-24,Chống sét van,500,DC-CSV-01,35,33,1,32,7.0,0.1,529.0,25.1,0.9429,0.0303,4.5714,Cần kiểm tra,
SX-20260624-DC-BI-01,2026-06-24,Biến dòng điện,110,DC-BI-01,43,44,2,42,9.9,1.8,1022.0,47.0,1.0233,0.0455,4.2424,Cần kiểm tra,
SX-20260624-DC-BU-01,2026-06-24,Biến điện áp,220,DC-BU-01,28,30,1,29,9.4,0.2,902.0,39.8,1.0714,0.0333,3.0851,Cần kiểm tra,
SX-20260625-DC-MBA-01,2026-06-25,Máy biến áp lực,110,DC-MBA-01,8,7,0,7,7.7,2.2,1582.0,42.7,0.875,0.0,0.9091,Dưới kế hoạch,
SX-20260625-DC-MC-01,2026-06-25,Máy cắt cao áp,220,DC-MC-01,18,19,1,18,10.2,1.4,1134.0,46.8,1.0556,0.0526,1.7647,Cần kiểm tra,
SX-20260625-DC-DCL-01,2026-06-25,Dao cách ly,500,DC-DCL-01,15,15,0,15,8.7,0.5,548.0,27.0,1.0,0.0,1.7241,Đạt,
SX-20260625-DC-CSV-01,2026-06-25,Chống sét van,110,DC-CSV-01,58,61,1,60,7.4,0.8,889.0,46.7,1.0517,0.0164,8.1081,Đạt,
SX-20260625-DC-BI-01,2026-06-25,Biến dòng điện,220,DC-BI-01,34,35,1,34,9.2,0.9,849.0,38.8,1.0294,0.0286,3.6957,Đạt,
SX-20260625-DC-BU-01,2026-06-25,Biến điện áp,500,DC-BU-01,21,20,1,19,8.7,1.1,569.0,26.1,0.9524,0.05,2.1839,Cần kiểm tra,
SX-20260626-DC-MBA-01,2026-06-26,Máy biến áp lực,220,DC-MBA-01,6,6,0,6,8.8,0.4,1573.0,36.8,1.0,0.0,0.6818,Đạt,
SX-20260626-DC-MC-01,2026-06-26,Máy cắt cao áp,500,DC-MC-01,11,12,0,12,9.3,0.9,707.0,28.9,1.0909,0.0,1.2903,Đạt,
SX-20260626-DC-DCL-01,2026-06-26,Dao cách ly,110,DC-DCL-01,27,28,1,27,7.8,1.0,1037.0,44.1,1.037,0.0357,3.4615,Cần kiểm tra,
SX-20260626-DC-CSV-01,2026-06-26,Chống sét van,220,DC-CSV-01,52,57,3,54,9.0,0.2,954.0,48.1,1.0962,0.0526,6.0,Cần kiểm tra,
SX-20260626-DC-BI-01,2026-06-26,Biến dòng điện,500,DC-BI-01,24,24,1,23,7.2,1.4,535.0,27.6,1.0,0.0417,3.1944,Cần kiểm tra,
SX-20260626-DC-BU-01,2026-06-26,Biến điện áp,110,DC-BU-01,39,44,1,43,7.5,1.7,1337.0,56.8,1.1282,0.0227,5.7333,Đạt,
SX-20260627-DC-MBA-01,2026-06-27,Máy biến áp lực,500,DC-MBA-01,2,2,0,2,6.3,1.7,504.0,11.0,1.0,0.0,0.3175,Đạt,
SX-20260627-DC-MC-01,2026-06-27,Máy cắt cao áp,110,DC-MC-01,12,13,0,13,4.8,1.5,750.0,32.5,1.0833,0.0,2.7083,Đạt,
SX-20260627-DC-DCL-01,2026-06-27,Dao cách ly,220,DC-DCL-01,13,13,0,13,6.0,1.3,458.0,21.3,1.0,0.0,2.1667,Đạt,
SX-20260627-DC-CSV-01,2026-06-27,Chống sét van,500,DC-CSV-01,22,23,0,23,6.0,1.4,396.0,17.1,1.0455,0.0,3.8333,Đạt,
SX-20260627-DC-BI-01,2026-06-27,Biến dòng điện,110,DC-BI-01,29,32,2,30,4.6,0.4,722.0,37.4,1.1034,0.0625,6.5217,Cần kiểm tra,
SX-20260627-DC-BU-01,2026-06-27,Biến điện áp,220,DC-BU-01,19,17,0,17,5.7,0.8,464.0,21.2,0.8947,0.0,2.9825,Dưới kế hoạch,
SX-20260628-DC-MBA-01,2026-06-28,Máy biến áp lực,110,DC-MBA-01,3,3,0,3,4.2,1.2,758.0,17.7,1.0,0.0,0.7143,Đạt,
SX-20260628-DC-MC-01,2026-06-28,Máy cắt cao áp,220,DC-MC-01,7,8,0,8,3.7,0.7,441.0,19.6,1.1429,0.0,2.1622,Đạt,
SX-20260628-DC-DCL-01,2026-06-28,Dao cách ly,500,DC-DCL-01,7,7,0,7,3.8,0.7,229.0,12.4,1.0,0.0,1.8421,Đạt,
SX-20260628-DC-CSV-01,2026-06-28,Chống sét van,110,DC-CSV-01,27,27,1,26,3.1,0.3,442.0,20.6,1.0,0.037,8.3871,Cần kiểm tra,
SX-20260628-DC-BI-01,2026-06-28,Biến dòng điện,220,DC-BI-01,14,13,0,13,3.0,1.5,308.0,13.2,0.9286,0.0,4.3333,Đạt,
SX-20260628-DC-BU-01,2026-06-28,Biến điện áp,500,DC-BU-01,9,8,0,8,3.6,2.1,220.0,9.9,0.8889,0.0,2.2222,Dưới kế hoạch,
SX-20260629-DC-MBA-01,2026-06-29,Máy biến áp lực,220,DC-MBA-01,6,6,0,6,7.2,1.4,1378.0,37.4,1.0,0.0,0.8333,Đạt,
SX-20260629-DC-MC-01,2026-06-29,Máy cắt cao áp,500,DC-MC-01,13,12,0,12,9.3,1.7,754.0,27.2,0.9231,0.0,1.2903,Đạt,
SX-20260629-DC-DCL-01,2026-06-29,Dao cách ly,110,DC-DCL-01,27,28,1,27,7.4,0.1,857.0,50.9,1.037,0.0357,3.6486,Cần kiểm tra,
SX-20260629-DC-CSV-01,2026-06-29,Chống sét van,220,DC-CSV-01,46,48,0,48,8.4,1.3,772.0,40.3,1.0435,0.0,5.7143,Đạt,
SX-20260629-DC-BI-01,2026-06-29,Biến dòng điện,500,DC-BI-01,25,28,1,27,10.0,1.4,703.0,30.9,1.12,0.0357,2.7,Cần kiểm tra,
SX-20260629-DC-BU-01,2026-06-29,Biến điện áp,110,DC-BU-01,38,40,1,39,10.1,0.5,1075.0,51.4,1.0526,0.025,3.8614,Đạt,
SX-20260630-DC-MBA-01,2026-06-30,Máy biến áp lực,500,DC-MBA-01,4,4,0,4,7.1,1.3,1022.0,22.0,1.0,0.0,0.5634,Đạt,
SX-20260630-DC-MC-01,2026-06-30,Máy cắt cao áp,110,DC-MC-01,21,20,1,19,8.0,1.8,1046.0,48.0,0.9524,0.05,2.375,Cần kiểm tra,
SX-20260630-DC-DCL-01,2026-06-30,Dao cách ly,220,DC-DCL-01,22,24,0,24,9.3,0.3,803.0,41.9,1.0909,0.0,2.5806,Đạt,
SX-20260630-DC-CSV-01,2026-06-30,Chống sét van,500,DC-CSV-01,34,34,1,33,9.2,0.9,586.0,27.8,1.0,0.0294,3.587,Đạt,
SX-20260630-DC-BI-01,2026-06-30,Biến dòng điện,110,DC-BI-01,45,50,1,49,10.1,1.1,1243.0,56.4,1.1111,0.02,4.8515,Đạt,
SX-20260630-DC-BU-01,2026-06-30,Biến điện áp,220,DC-BU-01,30,28,0,28,7.1,0.9,751.0,36.4,0.9333,0.0,3.9437,Đạt,
SX-20260701-DC-MBA-01,2026-07-01,Máy biến áp lực,220,DC-MBA-01,6,6,0,6,7.3,1.1,1448.0,32.9,1.0,0.0,0.8219,Đạt,
SX-20260701-DC-MC-01,2026-07-01,Máy cắt cao áp,500,DC-MC-01,14,12,0,12,8.1,2.1,694.0,30.6,0.8571,0.0,1.4815,Dưới kế hoạch,
SX-20260701-DC-DCL-01,2026-07-01,Dao cách ly,110,DC-DCL-01,31,34,1,33,7.2,0.9,1090.0,59.9,1.0968,0.0294,4.5833,Đạt,
SX-20260701-DC-CSV-01,2026-07-01,Chống sét van,220,DC-CSV-01,52,57,1,56,9.7,1.5,996.0,44.9,1.0962,0.0175,5.7732,Đạt,
SX-20260701-DC-BI-01,2026-07-01,Biến dòng điện,500,DC-BI-01,28,27,0,27,8.9,1.4,664.0,29.6,0.9643,0.0,3.0337,Đạt,
SX-20260701-DC-BU-01,2026-07-01,Biến điện áp,110,DC-BU-01,38,38,2,36,8.8,1.3,1123.0,52.9,1.0,0.0526,4.0909,Cần kiểm tra,
SX-20260702-DC-MBA-01,2026-07-02,Máy biến áp lực,500,DC-MBA-01,4,4,0,4,7.8,0.8,931.0,24.2,1.0,0.0,0.5128,Đạt,
SX-20260702-DC-MC-01,2026-07-02,Máy cắt cao áp,110,DC-MC-01,23,25,1,24,10.1,1.7,1408.0,59.6,1.087,0.04,2.3762,Cần kiểm tra,
SX-20260702-DC-DCL-01,2026-07-02,Dao cách ly,220,DC-DCL-01,26,23,1,22,9.4,1.0,846.0,41.8,0.8846,0.0435,2.3404,Cần kiểm tra,
SX-20260702-DC-CSV-01,2026-07-02,Chống sét van,500,DC-CSV-01,35,36,1,35,9.3,1.0,539.0,27.5,1.0286,0.0278,3.7634,Đạt,
SX-20260702-DC-BI-01,2026-07-02,Biến dòng điện,110,DC-BI-01,45,44,2,42,7.8,0.9,1084.0,48.2,0.9778,0.0455,5.3846,Cần kiểm tra,
SX-20260702-DC-BU-01,2026-07-02,Biến điện áp,220,DC-BU-01,33,29,0,29,8.6,2.1,844.0,38.1,0.8788,0.0,3.3721,Dưới kế hoạch,
SX-20260703-DC-MBA-01,2026-07-03,Máy biến áp lực,110,DC-MBA-01,8,7,0,7,8.8,1.3,1591.0,41.0,0.875,0.0,0.7955,Dưới kế hoạch,
SX-20260703-DC-MC-01,2026-07-03,Máy cắt cao áp,220,DC-MC-01,17,17,0,17,8.0,1.1,963.0,42.1,1.0,0.0,2.125,Đạt,
SX-20260703-DC-DCL-01,2026-07-03,Dao cách ly,500,DC-DCL-01,18,17,0,17,7.8,0.8,542.0,28.3,0.9444,0.0,2.1795,Đạt,
SX-20260703-DC-CSV-01,2026-07-03,Chống sét van,110,DC-CSV-01,68,72,3,69,9.8,0.5,1082.0,60.0,1.0588,0.0417,7.0408,Cần kiểm tra,
SX-20260703-DC-BI-01,2026-07-03,Biến dòng điện,220,DC-BI-01,40,41,1,40,9.0,1.2,895.0,47.6,1.025,0.0244,4.4444,Đạt,
SX-20260703-DC-BU-01,2026-07-03,Biến điện áp,500,DC-BU-01,23,19,1,18,9.8,1.3,591.0,25.5,0.8261,0.0526,1.8367,Cần kiểm tra,
SX-20260704-DC-MBA-01,2026-07-04,Máy biến áp lực,220,DC-MBA-01,4,4,0,4,5.4,0.9,911.0,21.5,1.0,0.0,0.7407,Đạt,
SX-20260704-DC-MC-01,2026-07-04,Máy cắt cao áp,500,DC-MC-01,8,7,0,7,5.1,1.0,437.0,17.7,0.875,0.0,1.3725,Dưới kế hoạch,
SX-20260704-DC-DCL-01,2026-07-04,Dao cách ly,110,DC-DCL-01,18,18,1,17,4.8,0.4,666.0,29.8,1.0,0.0556,3.5417,Cần kiểm tra,
SX-20260704-DC-CSV-01,2026-07-04,Chống sét van,220,DC-CSV-01,35,35,0,35,5.8,1.6,567.0,26.8,1.0,0.0,6.0345,Đạt,
SX-20260704-DC-BI-01,2026-07-04,Biến dòng điện,500,DC-BI-01,17,17,0,17,4.7,1.0,421.0,19.2,1.0,0.0,3.617,Đạt,
SX-20260704-DC-BU-01,2026-07-04,Biến điện áp,110,DC-BU-01,25,21,0,21,6.1,2.1,582.0,25.8,0.84,0.0,3.4426,Dưới kế hoạch,
SX-20260705-DC-MBA-01,2026-07-05,Máy biến áp lực,500,DC-MBA-01,2,2,0,2,4.0,1.1,516.0,11.1,1.0,0.0,0.5,Đạt,
SX-20260705-DC-MC-01,2026-07-05,Máy cắt cao áp,110,DC-MC-01,10,11,0,11,4.1,1.3,666.0,27.3,1.1,0.0,2.6829,Đạt,
SX-20260705-DC-DCL-01,2026-07-05,Dao cách ly,220,DC-DCL-01,10,11,0,11,3.8,1.5,380.0,17.4,1.1,0.0,2.8947,Đạt,
SX-20260705-DC-CSV-01,2026-07-05,Chống sét van,500,DC-CSV-01,16,14,1,13,3.0,1.0,216.0,10.7,0.875,0.0714,4.3333,Cần kiểm tra,
SX-20260705-DC-BI-01,2026-07-05,Biến dòng điện,110,DC-BI-01,19,19,0,19,3.6,1.2,466.0,20.3,1.0,0.0,5.2778,Đạt,
SX-20260705-DC-BU-01,2026-07-05,Biến điện áp,220,DC-BU-01,15,13,0,13,3.1,1.6,396.0,18.1,0.8667,0.0,4.1935,Dưới kế hoạch,
SX-20260706-DC-MBA-01,2026-07-06,Máy biến áp lực,110,DC-MBA-01,8,8,0,8,9.7,0.8,2011.0,49.7,1.0,0.0,0.8247,Đạt,
SX-20260706-DC-MC-01,2026-07-06,Máy cắt cao áp,220,DC-MC-01,18,17,0,17,7.6,1.0,989.0,40.6,0.9444,0.0,2.2368,Đạt,
SX-20260706-DC-DCL-01,2026-07-06,Dao cách ly,500,DC-DCL-01,16,13,0,13,7.5,2.2,452.0,23.3,0.8125,0.0,1.7333,Dưới kế hoạch,
SX-20260706-DC-CSV-01,2026-07-06,Chống sét van,110,DC-CSV-01,69,59,1,58,9.3,1.9,942.0,46.5,0.8551,0.0169,6.2366,Dưới kế hoạch,
SX-20260706-DC-BI-01,2026-07-06,Biến dòng điện,220,DC-BI-01,38,32,1,31,8.7,1.5,783.0,33.7,0.8421,0.0312,3.5632,Cần kiểm tra,
SX-20260706-DC-BU-01,2026-07-06,Biến điện áp,500,DC-BU-01,24,23,0,23,9.1,0.2,726.0,29.0,0.9583,0.0,2.5275,Đạt,
SX-20260707-DC-MBA-01,2026-07-07,Máy biến áp lực,220,DC-MBA-01,7,7,0,7,8.1,0.5,1831.0,43.5,1.0,0.0,0.8642,Đạt,
SX-20260707-DC-MC-01,2026-07-07,Máy cắt cao áp,500,DC-MC-01,12,10,0,10,9.8,2.1,596.0,25.1,0.8333,0.0,1.0204,Dưới kế hoạch,
SX-20260707-DC-DCL-01,2026-07-07,Dao cách ly,110,DC-DCL-01,29,26,1,25,9.1,2.0,816.0,45.0,0.8966,0.0385,2.7473,Cần kiểm tra,
SX-20260707-DC-CSV-01,2026-07-07,Chống sét van,220,DC-CSV-01,52,54,1,53,8.3,0.9,825.0,41.1,1.0385,0.0185,6.3855,Đạt,
SX-20260707-DC-BI-01,2026-07-07,Biến dòng điện,500,DC-BI-01,27,26,1,25,9.4,1.0,560.0,27.0,0.963,0.0385,2.6596,Cần kiểm tra,
SX-20260707-DC-BU-01,2026-07-07,Biến điện áp,110,DC-BU-01,38,35,1,34,9.8,1.3,1098.0,43.3,0.9211,0.0286,3.4694,Đạt,
SX-20260708-DC-MBA-01,2026-07-08,Máy biến áp lực,500,DC-MBA-01,5,4,0,4,7.6,1.5,918.0,24.6,0.8,0.0,0.5263,Dưới kế hoạch,
SX-20260708-DC-MC-01,2026-07-08,Máy cắt cao áp,110,DC-MC-01,23,21,1,20,8.7,1.0,1298.0,47.4,0.913,0.0476,2.2989,Cần kiểm tra,
SX-20260708-DC-DCL-01,2026-07-08,Dao cách ly,220,DC-DCL-01,24,27,1,26,9.3,1.3,848.0,44.6,1.125,0.037,2.7957,Cần kiểm tra,
SX-20260708-DC-CSV-01,2026-07-08,Chống sét van,500,DC-CSV-01,36,36,0,36,8.2,0.9,523.0,29.6,1.0,0.0,4.3902,Đạt,
SX-20260708-DC-BI-01,2026-07-08,Biến dòng điện,110,DC-BI-01,44,40,1,39,8.3,0.7,842.0,46.6,0.9091,0.025,4.6988,Đạt,
SX-20260708-DC-BU-01,2026-07-08,Biến điện áp,220,DC-BU-01,34,30,1,29,10.0,1.3,949.0,40.8,0.8824,0.0333,2.9,Cần kiểm tra,
SX-20260709-DC-MBA-01,2026-07-09,Máy biến áp lực,110,DC-MBA-01,8,8,0,8,9.4,1.8,1824.0,48.5,1.0,0.0,0.8511,Đạt,
SX-20260709-DC-MC-01,2026-07-09,Máy cắt cao áp,220,DC-MC-01,18,20,0,20,8.2,1.6,1168.0,47.8,1.1111,0.0,2.439,Đạt,
SX-20260709-DC-DCL-01,2026-07-09,Dao cách ly,500,DC-DCL-01,18,19,1,18,7.0,0.9,668.0,30.5,1.0556,0.0526,2.5714,Cần kiểm tra,
SX-20260709-DC-CSV-01,2026-07-09,Chống sét van,110,DC-CSV-01,64,55,2,53,8.2,1.2,942.0,44.9,0.8594,0.0364,6.4634,Cần kiểm tra,
SX-20260709-DC-BI-01,2026-07-09,Biến dòng điện,220,DC-BI-01,38,36,1,35,10.2,0.5,888.0,37.2,0.9474,0.0278,3.4314,Đạt,
SX-20260709-DC-BU-01,2026-07-09,Biến điện áp,500,DC-BU-01,21,20,1,19,8.2,1.7,604.0,27.2,0.9524,0.05,2.3171,Cần kiểm tra,
SX-20260710-DC-MBA-01,2026-07-10,Máy biến áp lực,220,DC-MBA-01,6,6,0,6,10.1,1.7,1452.0,33.6,1.0,0.0,0.5941,Đạt,
SX-20260710-DC-MC-01,2026-07-10,Máy cắt cao áp,500,DC-MC-01,12,13,0,13,7.2,0.2,721.0,29.0,1.0833,0.0,1.8056,Đạt,
SX-20260710-DC-DCL-01,2026-07-10,Dao cách ly,110,DC-DCL-01,30,29,0,29,8.1,1.0,989.0,49.2,0.9667,0.0,3.5802,Đạt,
SX-20260710-DC-CSV-01,2026-07-10,Chống sét van,220,DC-CSV-01,51,46,2,44,7.8,0.8,697.0,35.4,0.902,0.0435,5.641,Cần kiểm tra,
SX-20260710-DC-BI-01,2026-07-10,Biến dòng điện,500,DC-BI-01,27,28,1,27,9.2,0.1,692.0,29.7,1.037,0.0357,2.9348,Cần kiểm tra,
SX-20260710-DC-BU-01,2026-07-10,Biến điện áp,110,DC-BU-01,42,44,1,43,7.8,0.8,1176.0,57.1,1.0476,0.0227,5.5128,Đạt,
SX-20260711-DC-MBA-01,2026-07-11,Máy biến áp lực,500,DC-MBA-01,3,3,0,3,6.0,0.4,789.0,18.6,1.0,0.0,0.5,Đạt,
SX-20260711-DC-MC-01,2026-07-11,Máy cắt cao áp,110,DC-MC-01,13,14,0,14,5.7,1.5,879.0,32.1,1.0769,0.0,2.4561,Đạt,
SX-20260711-DC-DCL-01,2026-07-11,Dao cách ly,220,DC-DCL-01,16,15,1,14,5.3,1.5,519.0,26.1,0.9375,0.0667,2.6415,Cần kiểm tra,
SX-20260711-DC-CSV-01,2026-07-11,Chống sét van,500,DC-CSV-01,22,24,1,23,5.0,1.6,379.0,18.0,1.0909,0.0417,4.6,Cần kiểm tra,
SX-20260711-DC-BI-01,2026-07-11,Biến dòng điện,110,DC-BI-01,31,29,0,29,6.3,0.6,680.0,31.0,0.9355,0.0,4.6032,Đạt,
SX-20260711-DC-BU-01,2026-07-11,Biến điện áp,220,DC-BU-01,21,21,0,21,4.6,0.6,566.0,26.0,1.0,0.0,4.5652,Đạt,
SX-20260712-DC-MBA-01,2026-07-12,Máy biến áp lực,110,DC-MBA-01,3,3,0,3,2.9,1.5,674.0,16.3,1.0,0.0,1.0345,Đạt,
SX-20260712-DC-MC-01,2026-07-12,Máy cắt cao áp,220,DC-MC-01,7,6,0,6,3.7,1.5,373.0,14.7,0.8571,0.0,1.6216,Dưới kế hoạch,
SX-20260712-DC-DCL-01,2026-07-12,Dao cách ly,500,DC-DCL-01,7,7,0,7,3.8,0.7,254.0,12.0,1.0,0.0,1.8421,Đạt,
SX-20260712-DC-CSV-01,2026-07-12,Chống sét van,110,DC-CSV-01,25,28,1,27,3.8,1.3,456.0,24.2,1.12,0.0357,7.1053,Cần kiểm tra,
SX-20260712-DC-BI-01,2026-07-12,Biến dòng điện,220,DC-BI-01,17,18,0,18,3.7,0.5,386.0,19.9,1.0588,0.0,4.8649,Đạt,
SX-20260712-DC-BU-01,2026-07-12,Biến điện áp,500,DC-BU-01,10,11,1,10,4.1,1.5,324.0,13.9,1.1,0.0909,2.439,Cần kiểm tra,
SX-20260713-DC-MBA-01,2026-07-13,Máy biến áp lực,220,DC-MBA-01,7,8,0,8,9.3,1.3,2091.0,44.3,1.1429,0.0,0.8602,Đạt,
SX-20260713-DC-MC-01,2026-07-13,Máy cắt cao áp,500,DC-MC-01,13,12,0,12,9.0,0.4,737.0,28.6,0.9231,0.0,1.3333,Đạt,
SX-20260713-DC-DCL-01,2026-07-13,Dao cách ly,110,DC-DCL-01,30,27,0,27,9.1,0.5,912.0,47.1,0.9,0.0,2.967,Đạt,
SX-20260713-DC-CSV-01,2026-07-13,Chống sét van,220,DC-CSV-01,50,43,0,43,9.8,1.0,628.0,32.6,0.86,0.0,4.3878,Dưới kế hoạch,
SX-20260713-DC-BI-01,2026-07-13,Biến dòng điện,500,DC-BI-01,29,28,1,27,7.4,1.6,594.0,28.9,0.9655,0.0357,3.6486,Cần kiểm tra,
SX-20260713-DC-BU-01,2026-07-13,Biến điện áp,110,DC-BU-01,43,46,2,44,7.2,0.4,1309.0,56.1,1.0698,0.0435,6.1111,Cần kiểm tra,
SX-20260714-DC-MBA-01,2026-07-14,Máy biến áp lực,500,DC-MBA-01,4,4,0,4,9.7,0.7,956.0,23.0,1.0,0.0,0.4124,Đạt,
SX-20260714-DC-MC-01,2026-07-14,Máy cắt cao áp,110,DC-MC-01,21,19,1,18,9.8,0.3,1056.0,42.0,0.9048,0.0526,1.8367,Cần kiểm tra,
SX-20260714-DC-DCL-01,2026-07-14,Dao cách ly,220,DC-DCL-01,25,27,1,26,7.2,1.4,918.0,43.8,1.08,0.037,3.6111,Cần kiểm tra,
SX-20260714-DC-CSV-01,2026-07-14,Chống sét van,500,DC-CSV-01,37,40,1,39,9.5,1.3,679.0,31.9,1.0811,0.025,4.1053,Đạt,
SX-20260714-DC-BI-01,2026-07-14,Biến dòng điện,110,DC-BI-01,50,51,2,49,7.1,0.3,1209.0,56.5,1.02,0.0392,6.9014,Cần kiểm tra,
SX-20260714-DC-BU-01,2026-07-14,Biến điện áp,220,DC-BU-01,33,31,1,30,7.4,1.7,903.0,39.2,0.9394,0.0323,4.0541,Cần kiểm tra,
SX-20260715-DC-MBA-01,2026-07-15,Máy biến áp lực,110,DC-MBA-01,8,9,0,9,7.7,0.5,2033.0,50.5,1.125,0.0,1.1688,Đạt,
SX-20260715-DC-MC-01,2026-07-15,Máy cắt cao áp,220,DC-MC-01,19,20,1,19,9.0,0.9,1122.0,46.8,1.0526,0.05,2.1111,Cần kiểm tra,
SX-20260715-DC-DCL-01,2026-07-15,Dao cách ly,500,DC-DCL-01,18,17,0,17,7.7,0.5,581.0,29.7,0.9444,0.0,2.2078,Đạt,
SX-20260715-DC-CSV-01,2026-07-15,Chống sét van,110,DC-CSV-01,65,69,1,68,8.9,1.2,1159.0,52.9,1.0615,0.0145,7.6404,Đạt,
SX-20260715-DC-BI-01,2026-07-15,Biến dòng điện,220,DC-BI-01,37,36,1,35,10.1,1.4,797.0,36.5,0.973,0.0278,3.4653,Đạt,
SX-20260715-DC-BU-01,2026-07-15,Biến điện áp,500,DC-BU-01,24,25,1,24,9.3,1.5,672.0,32.3,1.0417,0.04,2.5806,Cần kiểm tra,
SX-20260716-DC-MBA-01,2026-07-16,Máy biến áp lực,220,DC-MBA-01,7,7,0,7,7.8,0.6,1723.0,38.8,1.0,0.0,0.8974,Đạt,
SX-20260716-DC-MC-01,2026-07-16,Máy cắt cao áp,500,DC-MC-01,14,12,1,11,7.7,1.6,761.0,27.4,0.8571,0.0833,1.4286,Cần kiểm tra,
SX-20260716-DC-DCL-01,2026-07-16,Dao cách ly,110,DC-DCL-01,32,30,1,29,8.9,1.3,1006.0,49.9,0.9375,0.0333,3.2584,Cần kiểm tra,
SX-20260716-DC-CSV-01,2026-07-16,Chống sét van,220,DC-CSV-01,56,58,1,57,8.1,1.5,983.0,43.0,1.0357,0.0172,7.037,Đạt,
SX-20260716-DC-BI-01,2026-07-16,Biến dòng điện,500,DC-BI-01,28,26,1,25,8.5,1.5,613.0,28.2,0.9286,0.0385,2.9412,Cần kiểm tra,
SX-20260716-DC-BU-01,2026-07-16,Biến điện áp,110,DC-BU-01,43,44,1,43,9.0,1.6,1352.0,60.0,1.0233,0.0227,4.7778,Đạt,
SX-20260717-DC-MBA-01,2026-07-17,Máy biến áp lực,500,DC-MBA-01,4,4,0,4,8.4,0.4,921.0,24.7,1.0,0.0,0.4762,Đạt,
SX-20260717-DC-MC-01,2026-07-17,Máy cắt cao áp,110,DC-MC-01,24,25,1,24,9.9,0.7,1360.0,60.0,1.0417,0.04,2.4242,Cần kiểm tra,
SX-20260717-DC-DCL-01,2026-07-17,Dao cách ly,220,DC-DCL-01,23,22,1,21,9.5,1.6,765.0,39.9,0.9565,0.0455,2.2105,Cần kiểm tra,
SX-20260717-DC-CSV-01,2026-07-17,Chống sét van,500,DC-CSV-01,36,35,1,34,9.6,0.5,550.0,27.4,0.9722,0.0286,3.5417,Đạt,
SX-20260717-DC-BI-01,2026-07-17,Biến dòng điện,110,DC-BI-01,44,40,1,39,7.6,0.2,1009.0,42.4,0.9091,0.025,5.1316,Đạt,
SX-20260717-DC-BU-01,2026-07-17,Biến điện áp,220,DC-BU-01,30,33,1,32,8.0,0.1,882.0,40.4,1.1,0.0303,4.0,Cần kiểm tra,
SX-20260718-DC-MBA-01,2026-07-18,Máy biến áp lực,110,DC-MBA-01,4,4,0,4,5.5,1.5,1003.0,23.0,1.0,0.0,0.7273,Đạt,
SX-20260718-DC-MC-01,2026-07-18,Máy cắt cao áp,220,DC-MC-01,11,10,0,10,6.1,1.6,579.0,22.6,0.9091,0.0,1.6393,Đạt,
SX-20260718-DC-DCL-01,2026-07-18,Dao cách ly,500,DC-DCL-01,10,9,0,9,4.8,0.5,331.0,16.0,0.9,0.0,1.875,Đạt,
SX-20260718-DC-CSV-01,2026-07-18,Chống sét van,110,DC-CSV-01,41,35,0,35,5.1,2.3,521.0,29.1,0.8537,0.0,6.8627,Dưới kế hoạch,
SX-20260718-DC-BI-01,2026-07-18,Biến dòng điện,220,DC-BI-01,22,20,0,20,5.3,0.5,496.0,21.8,0.9091,0.0,3.7736,Đạt,
SX-20260718-DC-BU-01,2026-07-18,Biến điện áp,500,DC-BU-01,13,14,1,13,5.5,1.6,435.0,17.9,1.0769,0.0714,2.3636,Cần kiểm tra,
SX-20260719-DC-MBA-01,2026-07-19,Máy biến áp lực,220,DC-MBA-01,3,3,0,3,3.4,1.8,790.0,16.4,1.0,0.0,0.8824,Đạt,
SX-20260719-DC-MC-01,2026-07-19,Máy cắt cao áp,500,DC-MC-01,5,5,0,5,3.5,1.2,284.0,11.3,1.0,0.0,1.4286,Đạt,
SX-20260719-DC-DCL-01,2026-07-19,Dao cách ly,110,DC-DCL-01,11,12,0,12,3.6,1.6,405.0,19.8,1.0909,0.0,3.3333,Đạt,
SX-20260719-DC-CSV-01,2026-07-19,Chống sét van,220,DC-CSV-01,21,22,1,21,3.2,0.7,324.0,17.1,1.0476,0.0455,6.5625,Cần kiểm tra,
SX-20260719-DC-BI-01,2026-07-19,Biến dòng điện,500,DC-BI-01,11,11,1,10,3.8,1.0,236.0,12.3,1.0,0.0909,2.6316,Cần kiểm tra,
SX-20260719-DC-BU-01,2026-07-19,Biến điện áp,110,DC-BU-01,17,17,0,17,3.7,0.4,451.0,23.1,1.0,0.0,4.5946,Đạt,
SX-20260720-DC-MBA-01,2026-07-20,Máy biến áp lực,500,DC-MBA-01,5,5,0,5,8.0,1.2,1230.0,28.1,1.0,0.0,0.625,Đạt,
SX-20260720-DC-MC-01,2026-07-20,Máy cắt cao áp,110,DC-MC-01,21,20,0,20,7.8,0.4,1089.0,44.4,0.9524,0.0,2.5641,Đạt,
SX-20260720-DC-DCL-01,2026-07-20,Dao cách ly,220,DC-DCL-01,24,25,0,25,8.4,1.5,904.0,39.2,1.0417,0.0,2.9762,Đạt,
SX-20260720-DC-CSV-01,2026-07-20,Chống sét van,500,DC-CSV-01,36,31,1,30,8.9,2.3,451.0,25.5,0.8611,0.0323,3.3708,Cần kiểm tra,
SX-20260720-DC-BI-01,2026-07-20,Biến dòng điện,110,DC-BI-01,51,48,1,47,7.8,0.5,1068.0,50.9,0.9412,0.0208,6.0256,Đạt,
SX-20260720-DC-BU-01,2026-07-20,Biến điện áp,220,DC-BU-01,33,33,1,32,9.5,0.4,909.0,40.7,1.0,0.0303,3.3684,Cần kiểm tra,
SX-20260721-DC-MBA-01,2026-07-21,Máy biến áp lực,110,DC-MBA-01,8,8,0,8,7.5,0.5,1920.0,49.7,1.0,0.0,1.0667,Đạt,
SX-20260721-DC-MC-01,2026-07-21,Máy cắt cao áp,220,DC-MC-01,18,16,1,15,7.4,1.2,925.0,40.3,0.8889,0.0625,2.027,Cần kiểm tra,
SX-20260721-DC-DCL-01,2026-07-21,Dao cách ly,500,DC-DCL-01,17,18,0,18,9.8,0.5,643.0,28.4,1.0588,0.0,1.8367,Đạt,
SX-20260721-DC-CSV-01,2026-07-21,Chống sét van,110,DC-CSV-01,67,57,1,56,7.5,1.5,831.0,44.6,0.8507,0.0175,7.4667,Dưới kế hoạch,
SX-20260721-DC-BI-01,2026-07-21,Biến dòng điện,220,DC-BI-01,37,35,1,34,7.3,1.5,839.0,38.6,0.9459,0.0286,4.6575,Đạt,
SX-20260721-DC-BU-01,2026-07-21,Biến điện áp,500,DC-BU-01,24,23,1,22,8.5,1.2,603.0,27.6,0.9583,0.0435,2.5882,Cần kiểm tra,
SX-20260722-DC-MBA-01,2026-07-22,Máy biến áp lực,220,DC-MBA-01,6,6,0,6,8.2,0.9,1496.0,35.4,1.0,0.0,0.7317,Đạt,
SX-20260722-DC-MC-01,2026-07-22,Máy cắt cao áp,500,DC-MC-01,12,12,0,12,8.3,1.0,682.0,30.0,1.0,0.0,1.4458,Đạt,
SX-20260722-DC-DCL-01,2026-07-22,Dao cách ly,110,DC-DCL-01,28,27,1,26,9.1,1.4,836.0,43.0,0.9643,0.037,2.8571,Cần kiểm tra,
SX-20260722-DC-CSV-01,2026-07-22,Chống sét van,220,DC-CSV-01,51,55,1,54,7.7,0.6,859.0,45.3,1.0784,0.0182,7.013,Đạt,
SX-20260722-DC-BI-01,2026-07-22,Biến dòng điện,500,DC-BI-01,27,23,1,22,9.2,1.2,503.0,24.3,0.8519,0.0435,2.3913,Cần kiểm tra,
SX-20260722-DC-BU-01,2026-07-22,Biến điện áp,110,DC-BU-01,43,39,0,39,7.5,1.1,1050.0,47.6,0.907,0.0,5.2,Đạt,
SX-20260723-DC-MBA-01,2026-07-23,Máy biến áp lực,500,DC-MBA-01,4,4,0,4,8.0,0.2,1044.0,24.1,1.0,0.0,0.5,Đạt,
SX-20260723-DC-MC-01,2026-07-23,Máy cắt cao áp,110,DC-MC-01,22,23,0,23,7.2,0.8,1418.0,56.3,1.0455,0.0,3.1944,Đạt,
SX-20260723-DC-DCL-01,2026-07-23,Dao cách ly,220,DC-DCL-01,26,22,1,21,7.4,1.0,778.0,34.4,0.8462,0.0455,2.8378,Cần kiểm tra,
SX-20260723-DC-CSV-01,2026-07-23,Chống sét van,500,DC-CSV-01,35,33,0,33,9.3,1.1,518.0,27.9,0.9429,0.0,3.5484,Đạt,
SX-20260723-DC-BI-01,2026-07-23,Biến dòng điện,110,DC-BI-01,45,41,2,39,7.1,0.9,1012.0,48.6,0.9111,0.0488,5.493,Cần kiểm tra,
SX-20260723-DC-BU-01,2026-07-23,Biến điện áp,220,DC-BU-01,31,28,1,27,7.0,1.6,850.0,37.5,0.9032,0.0357,3.8571,Cần kiểm tra,
SX-20260724-DC-MBA-01,2026-07-24,Máy biến áp lực,110,DC-MBA-01,7,6,0,6,7.6,1.5,1309.0,35.4,0.8571,0.0,0.7895,Dưới kế hoạch,
SX-20260724-DC-MC-01,2026-07-24,Máy cắt cao áp,220,DC-MC-01,17,18,1,17,9.2,1.4,1052.0,44.2,1.0588,0.0556,1.8478,Cần kiểm tra,
SX-20260724-DC-DCL-01,2026-07-24,Dao cách ly,500,DC-DCL-01,16,15,0,15,9.5,1.1,559.0,24.6,0.9375,0.0,1.5789,Đạt,
SX-20260724-DC-CSV-01,2026-07-24,Chống sét van,110,DC-CSV-01,64,63,1,62,10.1,1.6,1092.0,52.2,0.9844,0.0159,6.1386,Đạt,
SX-20260724-DC-BI-01,2026-07-24,Biến dòng điện,220,DC-BI-01,39,37,1,36,8.9,0.3,895.0,38.3,0.9487,0.027,4.0449,Đạt,
SX-20260724-DC-BU-01,2026-07-24,Biến điện áp,500,DC-BU-01,23,23,1,22,9.7,1.8,645.0,27.9,1.0,0.0435,2.268,Cần kiểm tra,
SX-20260725-DC-MBA-01,2026-07-25,Máy biến áp lực,220,DC-MBA-01,4,4,0,4,5.9,0.7,881.0,24.8,1.0,0.0,0.678,Đạt,
SX-20260725-DC-MC-01,2026-07-25,Máy cắt cao áp,500,DC-MC-01,8,7,0,7,5.5,1.9,382.0,17.1,0.875,0.0,1.2727,Dưới kế hoạch,
SX-20260725-DC-DCL-01,2026-07-25,Dao cách ly,110,DC-DCL-01,17,14,0,14,4.5,1.8,522.0,25.0,0.8235,0.0,3.1111,Dưới kế hoạch,
SX-20260725-DC-CSV-01,2026-07-25,Chống sét van,220,DC-CSV-01,31,29,1,28,6.2,0.6,467.0,23.9,0.9355,0.0345,4.5161,Cần kiểm tra,
SX-20260725-DC-BI-01,2026-07-25,Biến dòng điện,500,DC-BI-01,17,19,0,19,6.3,0.2,426.0,22.1,1.1176,0.0,3.0159,Đạt,
SX-20260725-DC-BU-01,2026-07-25,Biến điện áp,110,DC-BU-01,26,24,0,24,6.0,0.1,696.0,30.3,0.9231,0.0,4.0,Đạt,
SX-20260726-DC-MBA-01,2026-07-26,Máy biến áp lực,500,DC-MBA-01,2,2,0,2,4.2,1.2,497.0,11.1,1.0,0.0,0.4762,Đạt,
SX-20260726-DC-MC-01,2026-07-26,Máy cắt cao áp,110,DC-MC-01,9,8,0,8,3.2,2.3,487.0,18.8,0.8889,0.0,2.5,Dưới kế hoạch,
SX-20260726-DC-DCL-01,2026-07-26,Dao cách ly,220,DC-DCL-01,11,11,0,11,3.2,1.5,342.0,19.8,1.0,0.0,3.4375,Đạt,
SX-20260726-DC-CSV-01,2026-07-26,Chống sét van,500,DC-CSV-01,15,15,0,15,4.0,1.4,262.0,12.4,1.0,0.0,3.75,Đạt,
SX-20260726-DC-BI-01,2026-07-26,Biến dòng điện,110,DC-BI-01,19,16,1,15,3.1,0.8,372.0,17.6,0.8421,0.0625,4.8387,Cần kiểm tra,
SX-20260726-DC-BU-01,2026-07-26,Biến điện áp,220,DC-BU-01,13,11,0,11,3.4,0.7,351.0,14.6,0.8462,0.0,3.2353,Dưới kế hoạch,
SX-20260727-DC-MBA-01,2026-07-27,Máy biến áp lực,110,DC-MBA-01,7,7,0,7,8.4,1.3,1621.0,40.6,1.0,0.0,0.8333,Đạt,
SX-20260727-DC-MC-01,2026-07-27,Máy cắt cao áp,220,DC-MC-01,18,19,0,19,8.4,0.7,1003.0,42.7,1.0556,0.0,2.2619,Đạt,
SX-20260727-DC-DCL-01,2026-07-27,Dao cách ly,500,DC-DCL-01,17,17,0,17,7.9,1.1,523.0,28.4,1.0,0.0,2.1519,Đạt,
SX-20260727-DC-CSV-01,2026-07-27,Chống sét van,110,DC-CSV-01,61,58,1,57,7.6,1.0,839.0,43.4,0.9508,0.0172,7.5,Đạt,
SX-20260727-DC-BI-01,2026-07-27,Biến dòng điện,220,DC-BI-01,36,31,1,30,8.0,2.0,713.0,32.5,0.8611,0.0323,3.75,Cần kiểm tra,
SX-20260727-DC-BU-01,2026-07-27,Biến điện áp,500,DC-BU-01,23,23,1,22,9.3,0.2,637.0,32.1,1.0,0.0435,2.3656,Cần kiểm tra,
SX-20260728-DC-MBA-01,2026-07-28,Máy biến áp lực,220,DC-MBA-01,6,5,0,5,7.3,1.3,1237.0,28.5,0.8333,0.0,0.6849,Dưới kế hoạch,
SX-20260728-DC-MC-01,2026-07-28,Máy cắt cao áp,500,DC-MC-01,13,12,0,12,7.8,1.8,686.0,29.2,0.9231,0.0,1.5385,Đạt,
SX-20260728-DC-DCL-01,2026-07-28,Dao cách ly,110,DC-DCL-01,31,34,1,33,7.7,1.5,1129.0,55.0,1.0968,0.0294,4.2857,Đạt,
SX-20260728-DC-CSV-01,2026-07-28,Chống sét van,220,DC-CSV-01,55,50,1,49,8.5,1.4,786.0,43.1,0.9091,0.02,5.7647,Đạt,
SX-20260728-DC-BI-01,2026-07-28,Biến dòng điện,500,DC-BI-01,26,26,1,25,7.6,0.3,625.0,27.2,1.0,0.0385,3.2895,Cần kiểm tra,
SX-20260728-DC-BU-01,2026-07-28,Biến điện áp,110,DC-BU-01,38,40,2,38,8.7,0.9,1270.0,48.7,1.0526,0.05,4.3678,Cần kiểm tra,
SX-20260729-DC-MBA-01,2026-07-29,Máy biến áp lực,500,DC-MBA-01,5,5,0,5,7.4,1.3,1093.0,28.8,1.0,0.0,0.6757,Đạt,
SX-20260729-DC-MC-01,2026-07-29,Máy cắt cao áp,110,DC-MC-01,22,20,0,20,8.9,0.4,1260.0,45.0,0.9091,0.0,2.2472,Đạt,
SX-20260729-DC-DCL-01,2026-07-29,Dao cách ly,220,DC-DCL-01,23,21,1,20,8.0,1.4,775.0,36.9,0.913,0.0476,2.5,Cần kiểm tra,
SX-20260729-DC-CSV-01,2026-07-29,Chống sét van,500,DC-CSV-01,38,37,1,36,9.9,0.4,624.0,30.6,0.9737,0.027,3.6364,Đạt,
SX-20260729-DC-BI-01,2026-07-29,Biến dòng điện,110,DC-BI-01,44,46,1,45,8.7,0.9,1079.0,54.6,1.0455,0.0217,5.1724,Đạt,
SX-20260729-DC-BU-01,2026-07-29,Biến điện áp,220,DC-BU-01,31,29,1,28,10.0,1.2,777.0,36.3,0.9355,0.0345,2.8,Cần kiểm tra,
SX-20260730-DC-MBA-01,2026-07-30,Máy biến áp lực,110,DC-MBA-01,7,7,0,7,7.9,0.1,1550.0,40.5,1.0,0.0,0.8861,Đạt,
SX-20260730-DC-MC-01,2026-07-30,Máy cắt cao áp,220,DC-MC-01,19,21,0,21,8.4,0.7,1278.0,46.5,1.1053,0.0,2.5,Đạt,
SX-20260730-DC-DCL-01,2026-07-30,Dao cách ly,500,DC-DCL-01,18,20,1,19,8.9,0.1,681.0,32.1,1.1111,0.05,2.1348,Cần kiểm tra,
SX-20260730-DC-CSV-01,2026-07-30,Chống sét van,110,DC-CSV-01,60,56,0,56,7.7,0.9,928.0,45.8,0.9333,0.0,7.2727,Đạt,
SX-20260730-DC-BI-01,2026-07-30,Biến dòng điện,220,DC-BI-01,39,36,1,35,8.6,0.1,750.0,37.8,0.9231,0.0278,4.0698,Đạt,
SX-20260730-DC-BU-01,2026-07-30,Biến điện áp,500,DC-BU-01,23,20,1,19,9.0,1.1,605.0,27.5,0.8696,0.05,2.1111,Cần kiểm tra,
SX-20260731-DC-MBA-01,2026-07-31,Máy biến áp lực,220,DC-MBA-01,7,7,0,7,9.7,1.2,1608.0,40.5,1.0,0.0,0.7216,Đạt,
SX-20260731-DC-MC-01,2026-07-31,Máy cắt cao áp,500,DC-MC-01,12,13,1,12,9.0,0.5,818.0,31.4,1.0833,0.0769,1.3333,Cần kiểm tra,
SX-20260731-DC-DCL-01,2026-07-31,Dao cách ly,110,DC-DCL-01,28,26,1,25,7.5,1.8,970.0,46.2,0.9286,0.0385,3.3333,Cần kiểm tra,
SX-20260731-DC-CSV-01,2026-07-31,Chống sét van,220,DC-CSV-01,50,46,1,45,9.2,1.7,740.0,38.2,0.92,0.0217,4.8913,Đạt,
SX-20260731-DC-BI-01,2026-07-31,Biến dòng điện,500,DC-BI-01,29,30,1,29,9.4,0.5,706.0,33.8,1.0345,0.0333,3.0851,Cần kiểm tra,
SX-20260731-DC-BU-01,2026-07-31,Biến điện áp,110,DC-BU-01,38,40,1,39,7.1,1.2,1183.0,51.0,1.0526,0.025,5.493,Đạt,
